Workbook

Sheet All Saints
A1: Electorate (registered electors) | B1: 3495
A2: Councillors elected in ward | B2: 1
A3: Turnout | B3: 0.2761
A4: Blank / invalid ballots (rejected) | B4: 5
C5: 2023 result | F5: Prediction based on national swing since May 2023
A6: Candidate | B6: Party | C6: Votes | D6: % of votes | E6: % of electors | F6: votes | G6: % of electorate
A7: Kier Dorran Kemp | B7: Labour Party | C7: 118 | D7: =C7*100/SUM($C$7:$C$13) -> 12.291667 | E7: =C7*100/$B$1 -> 3.3762518 | F7: =C7*IF(ISNUMBER(SEARCH("Labour",B7)),National!$L$4,IF(ISNUMBER(SEARCH("Conservative",B7)),National!$L$5,IF(OR(ISNUMBER(SEARCH("Reform",B7)),ISNUMBER(SEARCH("RefUK",B7))),National!$L$6,IF(ISNUMBER(SEARCH("Green",B7)),National!$L$7,IF(OR(ISNUMBER(SEARCH("Liberal Democrat",B7)),ISNUMBER(SEARCH("Lib Dem",B7))),National!$L$8,National!$L$9))))) -> 46.651163 | G7: =F7*100/$B$1 -> 1.3347972
A8: Habeeb Adeyemi Ogunfemi (commonly known as Harold Ogunfemi) | B8: Local Conservatives | C8: 190 | D8: =C8*100/SUM($C$7:$C$13) -> 19.791667 | E8: =C8*100/$B$1 -> 5.4363376 | F8: =C8*IF(ISNUMBER(SEARCH("Labour",B8)),National!$L$4,IF(ISNUMBER(SEARCH("Conservative",B8)),National!$L$5,IF(OR(ISNUMBER(SEARCH("Reform",B8)),ISNUMBER(SEARCH("RefUK",B8))),National!$L$6,IF(ISNUMBER(SEARCH("Green",B8)),National!$L$7,IF(OR(ISNUMBER(SEARCH("Liberal Democrat",B8)),ISNUMBER(SEARCH("Lib Dem",B8))),National!$L$8,National!$L$9))))) -> 124.23077 | G8: =F8*100/$B$1 -> 3.5545284
A9: Bernard Edward Hyde | B9: Green Party | C9: 34 | D9: =C9*100/SUM($C$7:$C$13) -> 3.5416667 | E9: =C9*100/$B$1 -> 0.97281831 | F9: =C9*IF(ISNUMBER(SEARCH("Labour",B9)),National!$L$4,IF(ISNUMBER(SEARCH("Conservative",B9)),National!$L$5,IF(OR(ISNUMBER(SEARCH("Reform",B9)),ISNUMBER(SEARCH("RefUK",B9))),National!$L$6,IF(ISNUMBER(SEARCH("Green",B9)),National!$L$7,IF(OR(ISNUMBER(SEARCH("Liberal Democrat",B9)),ISNUMBER(SEARCH("Lib Dem",B9))),National!$L$8,National!$L$9))))) -> 80.75 | G9: =F9*100/$B$1 -> 2.3104435
A10: Elizabeth Ann Simpson | B10: Liberal Democrats | C10: 22 | D10: =C10*100/SUM($C$7:$C$13) -> 2.2916667 | E10: =C10*100/$B$1 -> 0.62947067 | F10: =C10*IF(ISNUMBER(SEARCH("Labour",B10)),National!$L$4,IF(ISNUMBER(SEARCH("Conservative",B10)),National!$L$5,IF(OR(ISNUMBER(SEARCH("Reform",B10)),ISNUMBER(SEARCH("RefUK",B10))),National!$L$6,IF(ISNUMBER(SEARCH("Green",B10)),National!$L$7,IF(OR(ISNUMBER(SEARCH("Liberal Democrat",B10)),ISNUMBER(SEARCH("Lib Dem",B10))),National!$L$8,National!$L$9))))) -> 30.8 | G10: =F10*100/$B$1 -> 0.88125894
A11: Harjinder Singh Khatkar (commonly known as Bill Khatkar) | B11: Reform UK | C11: 49 | D11: =C11*100/SUM($C$7:$C$13) -> 5.1041667 | E11: =C11*100/$B$1 -> 1.4020029 | F11: =C11*IF(ISNUMBER(SEARCH("Labour",B11)),National!$L$4,IF(ISNUMBER(SEARCH("Conservative",B11)),National!$L$5,IF(OR(ISNUMBER(SEARCH("Reform",B11)),ISNUMBER(SEARCH("RefUK",B11))),National!$L$6,IF(ISNUMBER(SEARCH("Green",B11)),National!$L$7,IF(OR(ISNUMBER(SEARCH("Liberal Democrat",B11)),ISNUMBER(SEARCH("Lib Dem",B11))),National!$L$8,National!$L$9))))) -> 204.16667 | G11: =F11*100/$B$1 -> 5.8416786
A12: Christopher Stuart Spalding (commonly known as Chris Spalding) | B12: Independent | C12: 295 | D12: =C12*100/SUM($C$7:$C$13) -> 30.729167 | E12: =C12*100/$B$1 -> 8.4406295 | F12: =C12*IF(ISNUMBER(SEARCH("Labour",B12)),National!$L$4,IF(ISNUMBER(SEARCH("Conservative",B12)),National!$L$5,IF(OR(ISNUMBER(SEARCH("Reform",B12)),ISNUMBER(SEARCH("RefUK",B12))),National!$L$6,IF(ISNUMBER(SEARCH("Green",B12)),National!$L$7,IF(OR(ISNUMBER(SEARCH("Liberal Democrat",B12)),ISNUMBER(SEARCH("Lib Dem",B12))),National!$L$8,National!$L$9))))) -> 337.14286 | G12: =F12*100/$B$1 -> 9.6464337
A13: Julie Wallace | B13: Independent | C13: 252 | D13: =C13*100/SUM($C$7:$C$13) -> 26.25 | E13: =C13*100/$B$1 -> 7.2103004 | F13: =C13*IF(ISNUMBER(SEARCH("Labour",B13)),National!$L$4,IF(ISNUMBER(SEARCH("Conservative",B13)),National!$L$5,IF(OR(ISNUMBER(SEARCH("Reform",B13)),ISNUMBER(SEARCH("RefUK",B13))),National!$L$6,IF(ISNUMBER(SEARCH("Green",B13)),National!$L$7,IF(OR(ISNUMBER(SEARCH("Liberal Democrat",B13)),ISNUMBER(SEARCH("Lib Dem",B13))),National!$L$8,National!$L$9))))) -> 288 | G13: =F13*100/$B$1 -> 8.2403433

Sheet Chatham Central & Brompton
A1: Electorate (registered electors) | B1: 10525
A2: Councillors elected in ward | B2: 3
A3: Turnout | B3: 0.2091
A4: Blank / invalid ballots (rejected) | B4: 21
C5: 2023 result | F5: Prediction based on national swing since May 2023
A6: Candidate | B6: Party | C6: Votes | D6: % of votes | E6: % of electors | F6: votes | G6: % of electorate
A7: Vince Maple (Vincent Stewart Maple; commonly known as Vince Maple) | B7: Labour and Co-operative Party | C7: 1394 | D7: =C7*100/SUM($C$7:$C$14) -> 23.595125 | E7: =C7*100/$B$1 -> 13.244656 | F7: =C7*IF(ISNUMBER(SEARCH("Labour",B7)),National!$L$4,IF(ISNUMBER(SEARCH("Conservative",B7)),National!$L$5,IF(OR(ISNUMBER(SEARCH("Reform",B7)),ISNUMBER(SEARCH("RefUK",B7))),National!$L$6,IF(ISNUMBER(SEARCH("Green",B7)),National!$L$7,IF(OR(ISNUMBER(SEARCH("Liberal Democrat",B7)),ISNUMBER(SEARCH("Lib Dem",B7))),National!$L$8,National!$L$9))))) -> 551.11628 | G7: =F7*100/$B$1 -> 5.2362592
A8: Nina Gurung | B8: Labour and Co-operative Party | C8: 1211 | D8: =C8*100/SUM($C$7:$C$14) -> 20.49763 | E8: =C8*100/$B$1 -> 11.505938 | F8: =C8*IF(ISNUMBER(SEARCH("Labour",B8)),National!$L$4,IF(ISNUMBER(SEARCH("Conservative",B8)),National!$L$5,IF(OR(ISNUMBER(SEARCH("Reform",B8)),ISNUMBER(SEARCH("RefUK",B8))),National!$L$6,IF(ISNUMBER(SEARCH("Green",B8)),National!$L$7,IF(OR(ISNUMBER(SEARCH("Liberal Democrat",B8)),ISNUMBER(SEARCH("Lib Dem",B8))),National!$L$8,National!$L$9))))) -> 478.76744 | G8: =F8*100/$B$1 -> 4.5488593
A9: Shakirat Oyindamola Animashaun (commonly known as Damola Animashaun) | B9: Labour and Co-operative Party | C9: 1136 | D9: =C9*100/SUM($C$7:$C$14) -> 19.228165 | E9: =C9*100/$B$1 -> 10.793349 | F9: =C9*IF(ISNUMBER(SEARCH("Labour",B9)),National!$L$4,IF(ISNUMBER(SEARCH("Conservative",B9)),National!$L$5,IF(OR(ISNUMBER(SEARCH("Reform",B9)),ISNUMBER(SEARCH("RefUK",B9))),National!$L$6,IF(ISNUMBER(SEARCH("Green",B9)),National!$L$7,IF(OR(ISNUMBER(SEARCH("Liberal Democrat",B9)),ISNUMBER(SEARCH("Lib Dem",B9))),National!$L$8,National!$L$9))))) -> 449.11628 | G9: =F9*100/$B$1 -> 4.267138
A10: Vrinderpal Singh Khera (commonly known as Paul Khera) | B10: Local Conservatives | C10: 552 | D10: =C10*100/SUM($C$7:$C$14) -> 9.3432634 | E10: =C10*100/$B$1 -> 5.2446556 | F10: =C10*IF(ISNUMBER(SEARCH("Labour",B10)),National!$L$4,IF(ISNUMBER(SEARCH("Conservative",B10)),National!$L$5,IF(OR(ISNUMBER(SEARCH("Reform",B10)),ISNUMBER(SEARCH("RefUK",B10))),National!$L$6,IF(ISNUMBER(SEARCH("Green",B10)),National!$L$7,IF(OR(ISNUMBER(SEARCH("Liberal Democrat",B10)),ISNUMBER(SEARCH("Lib Dem",B10))),National!$L$8,National!$L$9))))) -> 360.92308 | G10: =F10*100/$B$1 -> 3.4291979
A11: Claude Jenner Granville King | B11: Local Conservatives | C11: 517 | D11: =C11*100/SUM($C$7:$C$14) -> 8.7508463 | E11: =C11*100/$B$1 -> 4.912114 | F11: =C11*IF(ISNUMBER(SEARCH("Labour",B11)),National!$L$4,IF(ISNUMBER(SEARCH("Conservative",B11)),National!$L$5,IF(OR(ISNUMBER(SEARCH("Reform",B11)),ISNUMBER(SEARCH("RefUK",B11))),National!$L$6,IF(ISNUMBER(SEARCH("Green",B11)),National!$L$7,IF(OR(ISNUMBER(SEARCH("Liberal Democrat",B11)),ISNUMBER(SEARCH("Lib Dem",B11))),National!$L$8,National!$L$9))))) -> 338.03846 | G11: =F11*100/$B$1 -> 3.2117669
A12: Habib Odunlamin Tejan | B12: Local Conservatives | C12: 467 | D12: =C12*100/SUM($C$7:$C$14) -> 7.9045362 | E12: =C12*100/$B$1 -> 4.4370546 | F12: =C12*IF(ISNUMBER(SEARCH("Labour",B12)),National!$L$4,IF(ISNUMBER(SEARCH("Conservative",B12)),National!$L$5,IF(OR(ISNUMBER(SEARCH("Reform",B12)),ISNUMBER(SEARCH("RefUK",B12))),National!$L$6,IF(ISNUMBER(SEARCH("Green",B12)),National!$L$7,IF(OR(ISNUMBER(SEARCH("Liberal Democrat",B12)),ISNUMBER(SEARCH("Lib Dem",B12))),National!$L$8,National!$L$9))))) -> 305.34615 | G12: =F12*100/$B$1 -> 2.9011511
A13: Robert Gerald Edward O'Hanlon (commonly known as Rob O'Hanlon) | B13: Green Party | C13: 336 | D13: =C13*100/SUM($C$7:$C$14) -> 5.6872038 | E13: =C13*100/$B$1 -> 3.192399 | F13: =C13*IF(ISNUMBER(SEARCH("Labour",B13)),National!$L$4,IF(ISNUMBER(SEARCH("Conservative",B13)),National!$L$5,IF(OR(ISNUMBER(SEARCH("Reform",B13)),ISNUMBER(SEARCH("RefUK",B13))),National!$L$6,IF(ISNUMBER(SEARCH("Green",B13)),National!$L$7,IF(OR(ISNUMBER(SEARCH("Liberal Democrat",B13)),ISNUMBER(SEARCH("Lib Dem",B13))),National!$L$8,National!$L$9))))) -> 798 | G13: =F13*100/$B$1 -> 7.5819477
A14: Geoffrey William Juby (commonly known as Geoff Juby) | B14: Liberal Democrats | C14: 295 | D14: =C14*100/SUM($C$7:$C$14) -> 4.9932295 | E14: =C14*100/$B$1 -> 2.8028504 | F14: =C14*IF(ISNUMBER(SEARCH("Labour",B14)),National!$L$4,IF(ISNUMBER(SEARCH("Conservative",B14)),National!$L$5,IF(OR(ISNUMBER(SEARCH("Reform",B14)),ISNUMBER(SEARCH("RefUK",B14))),National!$L$6,IF(ISNUMBER(SEARCH("Green",B14)),National!$L$7,IF(OR(ISNUMBER(SEARCH("Liberal Democrat",B14)),ISNUMBER(SEARCH("Lib Dem",B14))),National!$L$8,National!$L$9))))) -> 413 | G14: =F14*100/$B$1 -> 3.9239905

Sheet Cuxton, Halling & Riverside
A1: Electorate (registered electors) | B1: 6129
A2: Councillors elected in ward | B2: 2
A3: Turnout | B3: 0.3092
A4: Blank / invalid ballots (rejected) | B4: 16
F5: prediction based in national swing since May 2023
A6: Candidate | B6: Party | C6: Votes | D6: % of votes | E6: % of electors | F6: votes | G6: % of electorate
A7: Stephen Joseph Donald McCormack | B7: Labour Party | C7: 414 | D7: =C7*100/SUM($C$7:$C$13) -> 11.480865 | E7: =C7*100/$B$1 -> 6.7547724 | F7: =C7*IF(ISNUMBER(SEARCH("Labour",B7)),National!$L$4,IF(ISNUMBER(SEARCH("Conservative",B7)),National!$L$5,IF(OR(ISNUMBER(SEARCH("Reform",B7)),ISNUMBER(SEARCH("RefUK",B7))),National!$L$6,IF(ISNUMBER(SEARCH("Green",B7)),National!$L$7,IF(OR(ISNUMBER(SEARCH("Liberal Democrat",B7)),ISNUMBER(SEARCH("Lib Dem",B7))),National!$L$8,National!$L$9))))) -> 163.67442 | G7: =F7*100/$B$1 -> 2.6704914
A8: Victoria Valerie Morris | B8: Labour Party | C8: 408 | D8: =C8*100/SUM($C$7:$C$13) -> 11.314476 | E8: =C8*100/$B$1 -> 6.6568771 | F8: =C8*IF(ISNUMBER(SEARCH("Labour",B8)),National!$L$4,IF(ISNUMBER(SEARCH("Conservative",B8)),National!$L$5,IF(OR(ISNUMBER(SEARCH("Reform",B8)),ISNUMBER(SEARCH("RefUK",B8))),National!$L$6,IF(ISNUMBER(SEARCH("Green",B8)),National!$L$7,IF(OR(ISNUMBER(SEARCH("Liberal Democrat",B8)),ISNUMBER(SEARCH("Lib Dem",B8))),National!$L$8,National!$L$9))))) -> 161.30233 | G8: =F8*100/$B$1 -> 2.6317886
A9: Matt Fearn (Matthew James Fearn; commonly known as Matt Fearn) | B9: Local Conservatives | C9: 880 | D9: =C9*100/SUM($C$7:$C$13) -> 24.403771 | E9: =C9*100/$B$1 -> 14.35797 | F9: =C9*IF(ISNUMBER(SEARCH("Labour",B9)),National!$L$4,IF(ISNUMBER(SEARCH("Conservative",B9)),National!$L$5,IF(OR(ISNUMBER(SEARCH("Reform",B9)),ISNUMBER(SEARCH("RefUK",B9))),National!$L$6,IF(ISNUMBER(SEARCH("Green",B9)),National!$L$7,IF(OR(ISNUMBER(SEARCH("Liberal Democrat",B9)),ISNUMBER(SEARCH("Lib Dem",B9))),National!$L$8,National!$L$9))))) -> 575.38462 | G9: =F9*100/$B$1 -> 9.3879037
A10: Phil Filmer (Phillip Filmer; commonly known as Phil Filmer) | B10: Local Conservatives | C10: 685 | D10: =C10*100/SUM($C$7:$C$13) -> 18.996118 | E10: =C10*100/$B$1 -> 11.176375 | F10: =C10*IF(ISNUMBER(SEARCH("Labour",B10)),National!$L$4,IF(ISNUMBER(SEARCH("Conservative",B10)),National!$L$5,IF(OR(ISNUMBER(SEARCH("Reform",B10)),ISNUMBER(SEARCH("RefUK",B10))),National!$L$6,IF(ISNUMBER(SEARCH("Green",B10)),National!$L$7,IF(OR(ISNUMBER(SEARCH("Liberal Democrat",B10)),ISNUMBER(SEARCH("Lib Dem",B10))),National!$L$8,National!$L$9))))) -> 447.88462 | G10: =F10*100/$B$1 -> 7.3076296
A11: Matt Nightingale (Matthew Richard Nightingale; commonly known as Matt Nightingale) | B11: Green Party | C11: 641 | D11: =C11*100/SUM($C$7:$C$13) -> 17.775929 | E11: =C11*100/$B$1 -> 10.458476 | F11: =C11*IF(ISNUMBER(SEARCH("Labour",B11)),National!$L$4,IF(ISNUMBER(SEARCH("Conservative",B11)),National!$L$5,IF(OR(ISNUMBER(SEARCH("Reform",B11)),ISNUMBER(SEARCH("RefUK",B11))),National!$L$6,IF(ISNUMBER(SEARCH("Green",B11)),National!$L$7,IF(OR(ISNUMBER(SEARCH("Liberal Democrat",B11)),ISNUMBER(SEARCH("Lib Dem",B11))),National!$L$8,National!$L$9))))) -> 1522.375 | G11: =F11*100/$B$1 -> 24.838881
A12: Cat Jamieson (Catriona Margaret Jamieson; commonly known as Cat Jamieson) | B12: Green Party | C12: 502 | D12: =C12*100/SUM($C$7:$C$13) -> 13.921242 | E12: =C12*100/$B$1 -> 8.1905694 | F12: =C12*IF(ISNUMBER(SEARCH("Labour",B12)),National!$L$4,IF(ISNUMBER(SEARCH("Conservative",B12)),National!$L$5,IF(OR(ISNUMBER(SEARCH("Reform",B12)),ISNUMBER(SEARCH("RefUK",B12))),National!$L$6,IF(ISNUMBER(SEARCH("Green",B12)),National!$L$7,IF(OR(ISNUMBER(SEARCH("Liberal Democrat",B12)),ISNUMBER(SEARCH("Lib Dem",B12))),National!$L$8,National!$L$9))))) -> 1192.25 | G12: =F12*100/$B$1 -> 19.452602
A13: Ron Gillett (Ronald Arcon Gillett; commonly known as Ron Gillett) | B13: Liberal Democrats | C13: 76 | D13: =C13*100/SUM($C$7:$C$13) -> 2.1075984 | E13: =C13*100/$B$1 -> 1.2400065 | F13: =C13*IF(ISNUMBER(SEARCH("Labour",B13)),National!$L$4,IF(ISNUMBER(SEARCH("Conservative",B13)),National!$L$5,IF(OR(ISNUMBER(SEARCH("Reform",B13)),ISNUMBER(SEARCH("RefUK",B13))),National!$L$6,IF(ISNUMBER(SEARCH("Green",B13)),National!$L$7,IF(OR(ISNUMBER(SEARCH("Liberal Democrat",B13)),ISNUMBER(SEARCH("Lib Dem",B13))),National!$L$8,National!$L$9))))) -> 106.4 | G13: =F13*100/$B$1 -> 1.7360091

Sheet Fort Horsted
A1: Electorate (registered electors) | B1: 3530
A2: Councillors elected in ward | B2: 1
A3: Turnout | B3: 0.3088
A4: Blank / invalid ballots (rejected) | B4: 8
F5: prediction based in national swing since May 2023
A6: Candidate | B6: Party | C6: Votes | D6: % of votes | E6: % of electors | F6: votes | G6: % of electorate
A7: Joseph Simon Murray | B7: Labour Party | C7: 212 | D7: =C7*100/SUM($C$7:$C$10) -> 19.593346 | E7: =C7*100/$B$1 -> 6.0056657 | F7: =C7*IF(ISNUMBER(SEARCH("Labour",B7)),National!$L$4,IF(ISNUMBER(SEARCH("Conservative",B7)),National!$L$5,IF(OR(ISNUMBER(SEARCH("Reform",B7)),ISNUMBER(SEARCH("RefUK",B7))),National!$L$6,IF(ISNUMBER(SEARCH("Green",B7)),National!$L$7,IF(OR(ISNUMBER(SEARCH("Liberal Democrat",B7)),ISNUMBER(SEARCH("Lib Dem",B7))),National!$L$8,National!$L$9))))) -> 83.813953 | G7: =F7*100/$B$1 -> 2.374333
A8: Trevor Anthony Clarke | B8: Local Conservatives | C8: 489 | D8: =C8*100/SUM($C$7:$C$10) -> 45.194085 | E8: =C8*100/$B$1 -> 13.852691 | F8: =C8*IF(ISNUMBER(SEARCH("Labour",B8)),National!$L$4,IF(ISNUMBER(SEARCH("Conservative",B8)),National!$L$5,IF(OR(ISNUMBER(SEARCH("Reform",B8)),ISNUMBER(SEARCH("RefUK",B8))),National!$L$6,IF(ISNUMBER(SEARCH("Green",B8)),National!$L$7,IF(OR(ISNUMBER(SEARCH("Liberal Democrat",B8)),ISNUMBER(SEARCH("Lib Dem",B8))),National!$L$8,National!$L$9))))) -> 319.73077 | G8: =F8*100/$B$1 -> 9.0575289
A9: Matthews John Knott | B9: Green Party | C9: 37 | D9: =C9*100/SUM($C$7:$C$10) -> 3.4195933 | E9: =C9*100/$B$1 -> 1.0481586 | F9: =C9*IF(ISNUMBER(SEARCH("Labour",B9)),National!$L$4,IF(ISNUMBER(SEARCH("Conservative",B9)),National!$L$5,IF(OR(ISNUMBER(SEARCH("Reform",B9)),ISNUMBER(SEARCH("RefUK",B9))),National!$L$6,IF(ISNUMBER(SEARCH("Green",B9)),National!$L$7,IF(OR(ISNUMBER(SEARCH("Liberal Democrat",B9)),ISNUMBER(SEARCH("Lib Dem",B9))),National!$L$8,National!$L$9))))) -> 87.875 | G9: =F9*100/$B$1 -> 2.4893768
A10: Vivienne Parker (commonly known as Viv Parker) | B10: Liberal Democrats | C10: 344 | D10: =C10*100/SUM($C$7:$C$10) -> 31.792976 | E10: =C10*100/$B$1 -> 9.7450425 | F10: =C10*IF(ISNUMBER(SEARCH("Labour",B10)),National!$L$4,IF(ISNUMBER(SEARCH("Conservative",B10)),National!$L$5,IF(OR(ISNUMBER(SEARCH("Reform",B10)),ISNUMBER(SEARCH("RefUK",B10))),National!$L$6,IF(ISNUMBER(SEARCH("Green",B10)),National!$L$7,IF(OR(ISNUMBER(SEARCH("Liberal Democrat",B10)),ISNUMBER(SEARCH("Lib Dem",B10))),National!$L$8,National!$L$9))))) -> 481.6 | G10: =F10*100/$B$1 -> 13.643059

Sheet Fort Pitt
A1: Electorate (registered electors) | B1: 9170
A2: Councillors elected in ward | B2: 3
A3: Turnout | B3: 0.3374
A4: Blank / invalid ballots (rejected) | B4: 21
F5: prediction based in national swing since May 2023
A6: Candidate | B6: Party | C6: Votes | D6: % of votes | E6: % of electors | F6: votes | G6: % of electorate
A7: Smitha Campbell | B7: Labour and Co-operative Party | C7: 1726 | D7: =C7*100/SUM($C$7:$C$14) -> 20.086117 | E7: =C7*100/$B$1 -> 18.822246 | F7: =C7*IF(ISNUMBER(SEARCH("Labour",B7)),National!$L$4,IF(ISNUMBER(SEARCH("Conservative",B7)),National!$L$5,IF(OR(ISNUMBER(SEARCH("Reform",B7)),ISNUMBER(SEARCH("RefUK",B7))),National!$L$6,IF(ISNUMBER(SEARCH("Green",B7)),National!$L$7,IF(OR(ISNUMBER(SEARCH("Liberal Democrat",B7)),ISNUMBER(SEARCH("Lib Dem",B7))),National!$L$8,National!$L$9))))) -> 682.37209 | G7: =F7*100/$B$1 -> 7.4413532
A8: Harinder Singh Mahil | B8: Labour and Co-operative Party | C8: 1634 | D8: =C8*100/SUM($C$7:$C$14) -> 19.015478 | E8: =C8*100/$B$1 -> 17.818975 | F8: =C8*IF(ISNUMBER(SEARCH("Labour",B8)),National!$L$4,IF(ISNUMBER(SEARCH("Conservative",B8)),National!$L$5,IF(OR(ISNUMBER(SEARCH("Reform",B8)),ISNUMBER(SEARCH("RefUK",B8))),National!$L$6,IF(ISNUMBER(SEARCH("Green",B8)),National!$L$7,IF(OR(ISNUMBER(SEARCH("Liberal Democrat",B8)),ISNUMBER(SEARCH("Lib Dem",B8))),National!$L$8,National!$L$9))))) -> 646 | G8: =F8*100/$B$1 -> 7.044711
A9: Gareth Richard Myton | B9: Labour and Co-operative Party | C9: 1577 | D9: =C9*100/SUM($C$7:$C$14) -> 18.352147 | E9: =C9*100/$B$1 -> 17.197383 | F9: =C9*IF(ISNUMBER(SEARCH("Labour",B9)),National!$L$4,IF(ISNUMBER(SEARCH("Conservative",B9)),National!$L$5,IF(OR(ISNUMBER(SEARCH("Reform",B9)),ISNUMBER(SEARCH("RefUK",B9))),National!$L$6,IF(ISNUMBER(SEARCH("Green",B9)),National!$L$7,IF(OR(ISNUMBER(SEARCH("Liberal Democrat",B9)),ISNUMBER(SEARCH("Lib Dem",B9))),National!$L$8,National!$L$9))))) -> 623.46512 | G9: =F9*100/$B$1 -> 6.7989653
A10: Rupert David Fearon Turpin | B10: Local Conservatives | C10: 1028 | D10: =C10*100/SUM($C$7:$C$14) -> 11.963226 | E10: =C10*100/$B$1 -> 11.210469 | F10: =C10*IF(ISNUMBER(SEARCH("Labour",B10)),National!$L$4,IF(ISNUMBER(SEARCH("Conservative",B10)),National!$L$5,IF(OR(ISNUMBER(SEARCH("Reform",B10)),ISNUMBER(SEARCH("RefUK",B10))),National!$L$6,IF(ISNUMBER(SEARCH("Green",B10)),National!$L$7,IF(OR(ISNUMBER(SEARCH("Liberal Democrat",B10)),ISNUMBER(SEARCH("Lib Dem",B10))),National!$L$8,National!$L$9))))) -> 672.15385 | G10: =F10*100/$B$1 -> 7.329922
A11: Richard Niall Thorne | B11: Local Conservatives | C11: 951 | D11: =C11*100/SUM($C$7:$C$14) -> 11.067148 | E11: =C11*100/$B$1 -> 10.370774 | F11: =C11*IF(ISNUMBER(SEARCH("Labour",B11)),National!$L$4,IF(ISNUMBER(SEARCH("Conservative",B11)),National!$L$5,IF(OR(ISNUMBER(SEARCH("Reform",B11)),ISNUMBER(SEARCH("RefUK",B11))),National!$L$6,IF(ISNUMBER(SEARCH("Green",B11)),National!$L$7,IF(OR(ISNUMBER(SEARCH("Liberal Democrat",B11)),ISNUMBER(SEARCH("Lib Dem",B11))),National!$L$8,National!$L$9))))) -> 621.80769 | G11: =F11*100/$B$1 -> 6.7808909
A12: Gloria Blessing Chukwuka Opara | B12: Local Conservatives | C12: 901 | D12: =C12*100/SUM($C$7:$C$14) -> 10.485279 | E12: =C12*100/$B$1 -> 9.825518 | F12: =C12*IF(ISNUMBER(SEARCH("Labour",B12)),National!$L$4,IF(ISNUMBER(SEARCH("Conservative",B12)),National!$L$5,IF(OR(ISNUMBER(SEARCH("Reform",B12)),ISNUMBER(SEARCH("RefUK",B12))),National!$L$6,IF(ISNUMBER(SEARCH("Green",B12)),National!$L$7,IF(OR(ISNUMBER(SEARCH("Liberal Democrat",B12)),ISNUMBER(SEARCH("Lib Dem",B12))),National!$L$8,National!$L$9))))) -> 589.11538 | G12: =F12*100/$B$1 -> 6.4243771
A13: Karen Scott | B13: Green Party | C13: 527 | D13: =C13*100/SUM($C$7:$C$14) -> 6.1328989 | E13: =C13*100/$B$1 -> 5.7470011 | F13: =C13*IF(ISNUMBER(SEARCH("Labour",B13)),National!$L$4,IF(ISNUMBER(SEARCH("Conservative",B13)),National!$L$5,IF(OR(ISNUMBER(SEARCH("Reform",B13)),ISNUMBER(SEARCH("RefUK",B13))),National!$L$6,IF(ISNUMBER(SEARCH("Green",B13)),National!$L$7,IF(OR(ISNUMBER(SEARCH("Liberal Democrat",B13)),ISNUMBER(SEARCH("Lib Dem",B13))),National!$L$8,National!$L$9))))) -> 1251.625 | G13: =F13*100/$B$1 -> 13.649128
A14: Nirmal Sandhu | B14: Liberal Democrats | C14: 249 | D14: =C14*100/SUM($C$7:$C$14) -> 2.8977074 | E14: =C14*100/$B$1 -> 2.7153762 | F14: =C14*IF(ISNUMBER(SEARCH("Labour",B14)),National!$L$4,IF(ISNUMBER(SEARCH("Conservative",B14)),National!$L$5,IF(OR(ISNUMBER(SEARCH("Reform",B14)),ISNUMBER(SEARCH("RefUK",B14))),National!$L$6,IF(ISNUMBER(SEARCH("Green",B14)),National!$L$7,IF(OR(ISNUMBER(SEARCH("Liberal Democrat",B14)),ISNUMBER(SEARCH("Lib Dem",B14))),National!$L$8,National!$L$9))))) -> 348.6 | G14: =F14*100/$B$1 -> 3.8015267

Sheet Gillingham North
A1: Electorate (registered electors) | B1: 10237
A2: Councillors elected in ward | B2: 3
A3: Turnout | B3: 0.2175
A4: Blank / invalid ballots (rejected) | B4: 27
F5: prediction based in national swing since May 2023
A6: Candidate | B6: Party | C6: Votes | D6: % of votes | E6: % of electors | F6: votes | G6: % of electorate
A7: Adam Robert William Price | B7: Labour and Co-operative Party | C7: 1419 | D7: =C7*100/SUM($C$7:$C$14) -> 23.315807 | E7: =C7*100/$B$1 -> 13.861483 | F7: =C7*IF(ISNUMBER(SEARCH("Labour",B7)),National!$L$4,IF(ISNUMBER(SEARCH("Conservative",B7)),National!$L$5,IF(OR(ISNUMBER(SEARCH("Reform",B7)),ISNUMBER(SEARCH("RefUK",B7))),National!$L$6,IF(ISNUMBER(SEARCH("Green",B7)),National!$L$7,IF(OR(ISNUMBER(SEARCH("Liberal Democrat",B7)),ISNUMBER(SEARCH("Lib Dem",B7))),National!$L$8,National!$L$9))))) -> 561 | G7: =F7*100/$B$1 -> 5.4801211
A8: Douglas Kudakwashe Hamandishe | B8: Labour and Co-operative Party | C8: 1355 | D8: =C8*100/SUM($C$7:$C$14) -> 22.264213 | E8: =C8*100/$B$1 -> 13.2363 | F8: =C8*IF(ISNUMBER(SEARCH("Labour",B8)),National!$L$4,IF(ISNUMBER(SEARCH("Conservative",B8)),National!$L$5,IF(OR(ISNUMBER(SEARCH("Reform",B8)),ISNUMBER(SEARCH("RefUK",B8))),National!$L$6,IF(ISNUMBER(SEARCH("Green",B8)),National!$L$7,IF(OR(ISNUMBER(SEARCH("Liberal Democrat",B8)),ISNUMBER(SEARCH("Lib Dem",B8))),National!$L$8,National!$L$9))))) -> 535.69767 | G8: =F8*100/$B$1 -> 5.2329557
A9: Lia Helen Mandaracas | B9: Labour and Co-operative Party | C9: 1339 | D9: =C9*100/SUM($C$7:$C$14) -> 22.001314 | E9: =C9*100/$B$1 -> 13.080004 | F9: =C9*IF(ISNUMBER(SEARCH("Labour",B9)),National!$L$4,IF(ISNUMBER(SEARCH("Conservative",B9)),National!$L$5,IF(OR(ISNUMBER(SEARCH("Reform",B9)),ISNUMBER(SEARCH("RefUK",B9))),National!$L$6,IF(ISNUMBER(SEARCH("Green",B9)),National!$L$7,IF(OR(ISNUMBER(SEARCH("Liberal Democrat",B9)),ISNUMBER(SEARCH("Lib Dem",B9))),National!$L$8,National!$L$9))))) -> 529.37209 | G9: =F9*100/$B$1 -> 5.1711643
A10: Clayton Barrett | B10: Conservative Party candidate | C10: 530 | D10: =C10*100/SUM($C$7:$C$14) -> 8.7085113 | E10: =C10*100/$B$1 -> 5.177298 | F10: =C10*IF(ISNUMBER(SEARCH("Labour",B10)),National!$L$4,IF(ISNUMBER(SEARCH("Conservative",B10)),National!$L$5,IF(OR(ISNUMBER(SEARCH("Reform",B10)),ISNUMBER(SEARCH("RefUK",B10))),National!$L$6,IF(ISNUMBER(SEARCH("Green",B10)),National!$L$7,IF(OR(ISNUMBER(SEARCH("Liberal Democrat",B10)),ISNUMBER(SEARCH("Lib Dem",B10))),National!$L$8,National!$L$9))))) -> 346.53846 | G10: =F10*100/$B$1 -> 3.3851564
A11: Zarina Bibi Chishti | B11: Conservative Party candidate | C11: 439 | D11: =C11*100/SUM($C$7:$C$14) -> 7.2132764 | E11: =C11*100/$B$1 -> 4.2883657 | F11: =C11*IF(ISNUMBER(SEARCH("Labour",B11)),National!$L$4,IF(ISNUMBER(SEARCH("Conservative",B11)),National!$L$5,IF(OR(ISNUMBER(SEARCH("Reform",B11)),ISNUMBER(SEARCH("RefUK",B11))),National!$L$6,IF(ISNUMBER(SEARCH("Green",B11)),National!$L$7,IF(OR(ISNUMBER(SEARCH("Liberal Democrat",B11)),ISNUMBER(SEARCH("Lib Dem",B11))),National!$L$8,National!$L$9))))) -> 287.03846 | G11: =F11*100/$B$1 -> 2.8039314
A12: Harbans Singh Sidhu | B12: Conservative Party candidate | C12: 410 | D12: =C12*100/SUM($C$7:$C$14) -> 6.7367729 | E12: =C12*100/$B$1 -> 4.0050796 | F12: =C12*IF(ISNUMBER(SEARCH("Labour",B12)),National!$L$4,IF(ISNUMBER(SEARCH("Conservative",B12)),National!$L$5,IF(OR(ISNUMBER(SEARCH("Reform",B12)),ISNUMBER(SEARCH("RefUK",B12))),National!$L$6,IF(ISNUMBER(SEARCH("Green",B12)),National!$L$7,IF(OR(ISNUMBER(SEARCH("Liberal Democrat",B12)),ISNUMBER(SEARCH("Lib Dem",B12))),National!$L$8,National!$L$9))))) -> 268.07692 | G12: =F12*100/$B$1 -> 2.6187059
A13: Jeremy Spyby-Steanson | B13: Green Party | C13: 340 | D13: =C13*100/SUM($C$7:$C$14) -> 5.5865922 | E13: =C13*100/$B$1 -> 3.3212855 | F13: =C13*IF(ISNUMBER(SEARCH("Labour",B13)),National!$L$4,IF(ISNUMBER(SEARCH("Conservative",B13)),National!$L$5,IF(OR(ISNUMBER(SEARCH("Reform",B13)),ISNUMBER(SEARCH("RefUK",B13))),National!$L$6,IF(ISNUMBER(SEARCH("Green",B13)),National!$L$7,IF(OR(ISNUMBER(SEARCH("Liberal Democrat",B13)),ISNUMBER(SEARCH("Lib Dem",B13))),National!$L$8,National!$L$9))))) -> 807.5 | G13: =F13*100/$B$1 -> 7.8880531
A14: Ben Darryl Rist | B14: Liberal Democrats | C14: 254 | D14: =C14*100/SUM($C$7:$C$14) -> 4.173513 | E14: =C14*100/$B$1 -> 2.4811957 | F14: =C14*IF(ISNUMBER(SEARCH("Labour",B14)),National!$L$4,IF(ISNUMBER(SEARCH("Conservative",B14)),National!$L$5,IF(OR(ISNUMBER(SEARCH("Reform",B14)),ISNUMBER(SEARCH("RefUK",B14))),National!$L$6,IF(ISNUMBER(SEARCH("Green",B14)),National!$L$7,IF(OR(ISNUMBER(SEARCH("Liberal Democrat",B14)),ISNUMBER(SEARCH("Lib Dem",B14))),National!$L$8,National!$L$9))))) -> 355.6 | G14: =F14*100/$B$1 -> 3.4736739

Sheet Gillingham South
A1: Electorate (registered electors) | B1: 11085
A2: Councillors elected in ward | B2: 3
A3: Turnout | B3: 0.2235
A4: Blank / invalid ballots (rejected) | B4: 63
F5: prediction based in national swing since May 2023
A6: Candidate | B6: Party | C6: Votes | D6: % of votes | E6: % of electors | F6: votes | G6: % of electorate
A7: Rory Craig McDonald (commonly known as Dan McDonald) | B7: Labour and Co-operative Party | C7: 1617 | D7: =C7*100/SUM($C$7:$C$14) -> 24.181247 | E7: =C7*100/$B$1 -> 14.58728 | F7: =C7*IF(ISNUMBER(SEARCH("Labour",B7)),National!$L$4,IF(ISNUMBER(SEARCH("Conservative",B7)),National!$L$5,IF(OR(ISNUMBER(SEARCH("Reform",B7)),ISNUMBER(SEARCH("RefUK",B7))),National!$L$6,IF(ISNUMBER(SEARCH("Green",B7)),National!$L$7,IF(OR(ISNUMBER(SEARCH("Liberal Democrat",B7)),ISNUMBER(SEARCH("Lib Dem",B7))),National!$L$8,National!$L$9))))) -> 639.27907 | G7: =F7*100/$B$1 -> 5.7670642
A8: Naushabah Parveen Khan | B8: Labour and Co-operative Party | C8: 1531 | D8: =C8*100/SUM($C$7:$C$14) -> 22.89517 | E8: =C8*100/$B$1 -> 13.811457 | F8: =C8*IF(ISNUMBER(SEARCH("Labour",B8)),National!$L$4,IF(ISNUMBER(SEARCH("Conservative",B8)),National!$L$5,IF(OR(ISNUMBER(SEARCH("Reform",B8)),ISNUMBER(SEARCH("RefUK",B8))),National!$L$6,IF(ISNUMBER(SEARCH("Green",B8)),National!$L$7,IF(OR(ISNUMBER(SEARCH("Liberal Democrat",B8)),ISNUMBER(SEARCH("Lib Dem",B8))),National!$L$8,National!$L$9))))) -> 605.27907 | G8: =F8*100/$B$1 -> 5.4603434
A9: Louwella Margaret Prenter | B9: Labour and Co-operative Party | C9: 1491 | D9: =C9*100/SUM($C$7:$C$14) -> 22.296994 | E9: =C9*100/$B$1 -> 13.450609 | F9: =C9*IF(ISNUMBER(SEARCH("Labour",B9)),National!$L$4,IF(ISNUMBER(SEARCH("Conservative",B9)),National!$L$5,IF(OR(ISNUMBER(SEARCH("Reform",B9)),ISNUMBER(SEARCH("RefUK",B9))),National!$L$6,IF(ISNUMBER(SEARCH("Green",B9)),National!$L$7,IF(OR(ISNUMBER(SEARCH("Liberal Democrat",B9)),ISNUMBER(SEARCH("Lib Dem",B9))),National!$L$8,National!$L$9))))) -> 589.46512 | G9: =F9*100/$B$1 -> 5.3176826
A10: Amy Smith | B10: Conservative Party candidate | C10: 509 | D10: =C10*100/SUM($C$7:$C$14) -> 7.6117841 | E10: =C10*100/$B$1 -> 4.5917907 | F10: =C10*IF(ISNUMBER(SEARCH("Labour",B10)),National!$L$4,IF(ISNUMBER(SEARCH("Conservative",B10)),National!$L$5,IF(OR(ISNUMBER(SEARCH("Reform",B10)),ISNUMBER(SEARCH("RefUK",B10))),National!$L$6,IF(ISNUMBER(SEARCH("Green",B10)),National!$L$7,IF(OR(ISNUMBER(SEARCH("Liberal Democrat",B10)),ISNUMBER(SEARCH("Lib Dem",B10))),National!$L$8,National!$L$9))))) -> 332.80769 | G10: =F10*100/$B$1 -> 3.0023247
A11: Adenike Sijuwade Adeoye (commonly known as Siju Adeoye) | B11: Conservative Party candidate | C11: 471 | D11: =C11*100/SUM($C$7:$C$14) -> 7.0435173 | E11: =C11*100/$B$1 -> 4.2489851 | F11: =C11*IF(ISNUMBER(SEARCH("Labour",B11)),National!$L$4,IF(ISNUMBER(SEARCH("Conservative",B11)),National!$L$5,IF(OR(ISNUMBER(SEARCH("Reform",B11)),ISNUMBER(SEARCH("RefUK",B11))),National!$L$6,IF(ISNUMBER(SEARCH("Green",B11)),National!$L$7,IF(OR(ISNUMBER(SEARCH("Liberal Democrat",B11)),ISNUMBER(SEARCH("Lib Dem",B11))),National!$L$8,National!$L$9))))) -> 307.96154 | G11: =F11*100/$B$1 -> 2.7781826
A12: George Georghiou | B12: Conservative Party candidate | C12: 373 | D12: =C12*100/SUM($C$7:$C$14) -> 5.5779871 | E12: =C12*100/$B$1 -> 3.3649075 | F12: =C12*IF(ISNUMBER(SEARCH("Labour",B12)),National!$L$4,IF(ISNUMBER(SEARCH("Conservative",B12)),National!$L$5,IF(OR(ISNUMBER(SEARCH("Reform",B12)),ISNUMBER(SEARCH("RefUK",B12))),National!$L$6,IF(ISNUMBER(SEARCH("Green",B12)),National!$L$7,IF(OR(ISNUMBER(SEARCH("Liberal Democrat",B12)),ISNUMBER(SEARCH("Lib Dem",B12))),National!$L$8,National!$L$9))))) -> 243.88462 | G12: =F12*100/$B$1 -> 2.2001318
A13: Daniel Luis Belmonte | B13: Green Party | C13: 373 | D13: =C13*100/SUM($C$7:$C$14) -> 5.5779871 | E13: =C13*100/$B$1 -> 3.3649075 | F13: =C13*IF(ISNUMBER(SEARCH("Labour",B13)),National!$L$4,IF(ISNUMBER(SEARCH("Conservative",B13)),National!$L$5,IF(OR(ISNUMBER(SEARCH("Reform",B13)),ISNUMBER(SEARCH("RefUK",B13))),National!$L$6,IF(ISNUMBER(SEARCH("Green",B13)),National!$L$7,IF(OR(ISNUMBER(SEARCH("Liberal Democrat",B13)),ISNUMBER(SEARCH("Lib Dem",B13))),National!$L$8,National!$L$9))))) -> 885.875 | G13: =F13*100/$B$1 -> 7.9916554
A14: Christopher John Sams | B14: Liberal Democrats | C14: 322 | D14: =C14*100/SUM($C$7:$C$14) -> 4.8153133 | E14: =C14*100/$B$1 -> 2.9048263 | F14: =C14*IF(ISNUMBER(SEARCH("Labour",B14)),National!$L$4,IF(ISNUMBER(SEARCH("Conservative",B14)),National!$L$5,IF(OR(ISNUMBER(SEARCH("Reform",B14)),ISNUMBER(SEARCH("RefUK",B14))),National!$L$6,IF(ISNUMBER(SEARCH("Green",B14)),National!$L$7,IF(OR(ISNUMBER(SEARCH("Liberal Democrat",B14)),ISNUMBER(SEARCH("Lib Dem",B14))),National!$L$8,National!$L$9))))) -> 450.8 | G14: =F14*100/$B$1 -> 4.0667569

Sheet Hempstead & Wigmore
A1: Electorate (registered electors) | B1: 7463
A2: Councillors elected in ward | B2: 2
A3: Turnout | B3: 0.3511
A4: Blank / invalid ballots (rejected) | B4: 16
F5: prediction based in national swing since May 2023
A6: Candidate | B6: Party | C6: Votes | D6: % of votes | E6: % of electors | F6: votes | G6: % of electorate
A7: Lewis John William Bailey | B7: Labour Party | C7: 603 | D7: =C7*100/SUM($C$7:$C$14) -> 12.19167 | E7: =C7*100/$B$1 -> 8.0798606 | F7: =C7*IF(ISNUMBER(SEARCH("Labour",B7)),National!$L$4,IF(ISNUMBER(SEARCH("Conservative",B7)),National!$L$5,IF(OR(ISNUMBER(SEARCH("Reform",B7)),ISNUMBER(SEARCH("RefUK",B7))),National!$L$6,IF(ISNUMBER(SEARCH("Green",B7)),National!$L$7,IF(OR(ISNUMBER(SEARCH("Liberal Democrat",B7)),ISNUMBER(SEARCH("Lib Dem",B7))),National!$L$8,National!$L$9))))) -> 238.39535 | G7: =F7*100/$B$1 -> 3.1943635
A8: Haroon Ali Kahn | B8: Labour Party | C8: 450 | D8: =C8*100/SUM($C$7:$C$14) -> 9.0982612 | E8: =C8*100/$B$1 -> 6.0297468 | F8: =C8*IF(ISNUMBER(SEARCH("Labour",B8)),National!$L$4,IF(ISNUMBER(SEARCH("Conservative",B8)),National!$L$5,IF(OR(ISNUMBER(SEARCH("Reform",B8)),ISNUMBER(SEARCH("RefUK",B8))),National!$L$6,IF(ISNUMBER(SEARCH("Green",B8)),National!$L$7,IF(OR(ISNUMBER(SEARCH("Liberal Democrat",B8)),ISNUMBER(SEARCH("Lib Dem",B8))),National!$L$8,National!$L$9))))) -> 177.90698 | G8: =F8*100/$B$1 -> 2.3838534
A9: Jim Gilbourne (James Adrian Gilbourne; commonly known as Jim Gilbourne) | B9: Conservative Party candidate | C9: 1709 | D9: =C9*100/SUM($C$7:$C$14) -> 34.553174 | E9: =C9*100/$B$1 -> 22.899638 | F9: =C9*IF(ISNUMBER(SEARCH("Labour",B9)),National!$L$4,IF(ISNUMBER(SEARCH("Conservative",B9)),National!$L$5,IF(OR(ISNUMBER(SEARCH("Reform",B9)),ISNUMBER(SEARCH("RefUK",B9))),National!$L$6,IF(ISNUMBER(SEARCH("Green",B9)),National!$L$7,IF(OR(ISNUMBER(SEARCH("Liberal Democrat",B9)),ISNUMBER(SEARCH("Lib Dem",B9))),National!$L$8,National!$L$9))))) -> 1117.4231 | G9: =F9*100/$B$1 -> 14.97284
A10: Andrew William John Lawrence | B10: Conservative Party candidate | C10: 1617 | D10: =C10*100/SUM($C$7:$C$14) -> 32.693085 | E10: =C10*100/$B$1 -> 21.66689 | F10: =C10*IF(ISNUMBER(SEARCH("Labour",B10)),National!$L$4,IF(ISNUMBER(SEARCH("Conservative",B10)),National!$L$5,IF(OR(ISNUMBER(SEARCH("Reform",B10)),ISNUMBER(SEARCH("RefUK",B10))),National!$L$6,IF(ISNUMBER(SEARCH("Green",B10)),National!$L$7,IF(OR(ISNUMBER(SEARCH("Liberal Democrat",B10)),ISNUMBER(SEARCH("Lib Dem",B10))),National!$L$8,National!$L$9))))) -> 1057.2692 | G10: =F10*100/$B$1 -> 14.166813
A11: Kathryn Amanda Korff (commonly known as Kat Korff) | B11: Green Party | C11: 237 | D11: =C11*100/SUM($C$7:$C$14) -> 4.7917509 | E11: =C11*100/$B$1 -> 3.1756666 | F11: =C11*IF(ISNUMBER(SEARCH("Labour",B11)),National!$L$4,IF(ISNUMBER(SEARCH("Conservative",B11)),National!$L$5,IF(OR(ISNUMBER(SEARCH("Reform",B11)),ISNUMBER(SEARCH("RefUK",B11))),National!$L$6,IF(ISNUMBER(SEARCH("Green",B11)),National!$L$7,IF(OR(ISNUMBER(SEARCH("Liberal Democrat",B11)),ISNUMBER(SEARCH("Lib Dem",B11))),National!$L$8,National!$L$9))))) -> 562.875 | G11: =F11*100/$B$1 -> 7.5422082
A12: Daniele Erico Sergio Cavaliere (commonly known as Daniel Cavaliere) | B12: Liberal Democrats | C12: 222 | D12: =C12*100/SUM($C$7:$C$14) -> 4.4884755 | E12: =C12*100/$B$1 -> 2.9746751 | F12: =C12*IF(ISNUMBER(SEARCH("Labour",B12)),National!$L$4,IF(ISNUMBER(SEARCH("Conservative",B12)),National!$L$5,IF(OR(ISNUMBER(SEARCH("Reform",B12)),ISNUMBER(SEARCH("RefUK",B12))),National!$L$6,IF(ISNUMBER(SEARCH("Green",B12)),National!$L$7,IF(OR(ISNUMBER(SEARCH("Liberal Democrat",B12)),ISNUMBER(SEARCH("Lib Dem",B12))),National!$L$8,National!$L$9))))) -> 310.8 | G12: =F12*100/$B$1 -> 4.1645451
A13: Peter Anthony Wheeler | B13: Social Democratic Party | C13: 58 | D13: =C13*100/SUM($C$7:$C$14) -> 1.1726648 | E13: =C13*100/$B$1 -> 0.77716736 | F13: =C13*IF(ISNUMBER(SEARCH("Labour",B13)),National!$L$4,IF(ISNUMBER(SEARCH("Conservative",B13)),National!$L$5,IF(OR(ISNUMBER(SEARCH("Reform",B13)),ISNUMBER(SEARCH("RefUK",B13))),National!$L$6,IF(ISNUMBER(SEARCH("Green",B13)),National!$L$7,IF(OR(ISNUMBER(SEARCH("Liberal Democrat",B13)),ISNUMBER(SEARCH("Lib Dem",B13))),National!$L$8,National!$L$9))))) -> 66.285714 | G13: =F13*100/$B$1 -> 0.88819127
A14: John Wesley Gibson | B14: Christian Peoples Alliance | C14: 50 | D14: =C14*100/SUM($C$7:$C$14) -> 1.0109179 | E14: =C14*100/$B$1 -> 0.66997186 | F14: =C14*IF(ISNUMBER(SEARCH("Labour",B14)),National!$L$4,IF(ISNUMBER(SEARCH("Conservative",B14)),National!$L$5,IF(OR(ISNUMBER(SEARCH("Reform",B14)),ISNUMBER(SEARCH("RefUK",B14))),National!$L$6,IF(ISNUMBER(SEARCH("Green",B14)),National!$L$7,IF(OR(ISNUMBER(SEARCH("Liberal Democrat",B14)),ISNUMBER(SEARCH("Lib Dem",B14))),National!$L$8,National!$L$9))))) -> 57.142857 | G14: =F14*100/$B$1 -> 0.76568213

Sheet Hoo St W & High Halstow
A1: Electorate (registered electors) | B1: 10049
A2: Councillors elected in ward | B2: 3
A3: Turnout | B3: 0.3333
A4: Blank / invalid ballots (rejected) | B4: 9
F5: prediction based in national swing since May 2023
A6: Candidate | B6: Party | C6: Votes | D6: % of votes | E6: % of electors | F6: votes | G6: % of electorate
A7: Gary Barwell | B7: Labour Party | C7: 358 | D7: =C7*100/SUM($C$7:$C$18) -> 3.7831554 | E7: =C7*100/$B$1 -> 3.5625435 | F7: =C7*IF(ISNUMBER(SEARCH("Labour",B7)),National!$L$4,IF(ISNUMBER(SEARCH("Conservative",B7)),National!$L$5,IF(OR(ISNUMBER(SEARCH("Reform",B7)),ISNUMBER(SEARCH("RefUK",B7))),National!$L$6,IF(ISNUMBER(SEARCH("Green",B7)),National!$L$7,IF(OR(ISNUMBER(SEARCH("Liberal Democrat",B7)),ISNUMBER(SEARCH("Lib Dem",B7))),National!$L$8,National!$L$9))))) -> 141.53488 | G7: =F7*100/$B$1 -> 1.4084474
A8: Guiliana Paola Christmas | B8: Labour Party | C8: 336 | D8: =C8*100/SUM($C$7:$C$18) -> 3.550671 | E8: =C8*100/$B$1 -> 3.3436163 | F8: =C8*IF(ISNUMBER(SEARCH("Labour",B8)),National!$L$4,IF(ISNUMBER(SEARCH("Conservative",B8)),National!$L$5,IF(OR(ISNUMBER(SEARCH("Reform",B8)),ISNUMBER(SEARCH("RefUK",B8))),National!$L$6,IF(ISNUMBER(SEARCH("Green",B8)),National!$L$7,IF(OR(ISNUMBER(SEARCH("Liberal Democrat",B8)),ISNUMBER(SEARCH("Lib Dem",B8))),National!$L$8,National!$L$9))))) -> 132.83721 | G8: =F8*100/$B$1 -> 1.3218948
A9: Stephen Allan Vickery | B9: Labour Party | C9: 286 | D9: =C9*100/SUM($C$7:$C$18) -> 3.0222974 | E9: =C9*100/$B$1 -> 2.8460543 | F9: =C9*IF(ISNUMBER(SEARCH("Labour",B9)),National!$L$4,IF(ISNUMBER(SEARCH("Conservative",B9)),National!$L$5,IF(OR(ISNUMBER(SEARCH("Reform",B9)),ISNUMBER(SEARCH("RefUK",B9))),National!$L$6,IF(ISNUMBER(SEARCH("Green",B9)),National!$L$7,IF(OR(ISNUMBER(SEARCH("Liberal Democrat",B9)),ISNUMBER(SEARCH("Lib Dem",B9))),National!$L$8,National!$L$9))))) -> 113.06977 | G9: =F9*100/$B$1 -> 1.1251843
A10: Robert John Tildesley | B10: Local Conservatives | C10: 465 | D10: =C10*100/SUM($C$7:$C$18) -> 4.9138751 | E10: =C10*100/$B$1 -> 4.6273261 | F10: =C10*IF(ISNUMBER(SEARCH("Labour",B10)),National!$L$4,IF(ISNUMBER(SEARCH("Conservative",B10)),National!$L$5,IF(OR(ISNUMBER(SEARCH("Reform",B10)),ISNUMBER(SEARCH("RefUK",B10))),National!$L$6,IF(ISNUMBER(SEARCH("Green",B10)),National!$L$7,IF(OR(ISNUMBER(SEARCH("Liberal Democrat",B10)),ISNUMBER(SEARCH("Lib Dem",B10))),National!$L$8,National!$L$9))))) -> 304.03846 | G10: =F10*100/$B$1 -> 3.0255594
A11: Christopher John Sparks (commonly known as Chris Sparks) | B11: Local Conservatives | C11: 427 | D11: =C11*100/SUM($C$7:$C$18) -> 4.5123111 | E11: =C11*100/$B$1 -> 4.249179 | F11: =C11*IF(ISNUMBER(SEARCH("Labour",B11)),National!$L$4,IF(ISNUMBER(SEARCH("Conservative",B11)),National!$L$5,IF(OR(ISNUMBER(SEARCH("Reform",B11)),ISNUMBER(SEARCH("RefUK",B11))),National!$L$6,IF(ISNUMBER(SEARCH("Green",B11)),National!$L$7,IF(OR(ISNUMBER(SEARCH("Liberal Democrat",B11)),ISNUMBER(SEARCH("Lib Dem",B11))),National!$L$8,National!$L$9))))) -> 279.19231 | G11: =F11*100/$B$1 -> 2.7783094
A12: Fatima Mitchell | B12: Local Conservatives | C12: 409 | D12: =C12*100/SUM($C$7:$C$18) -> 4.3220966 | E12: =C12*100/$B$1 -> 4.0700567 | F12: =C12*IF(ISNUMBER(SEARCH("Labour",B12)),National!$L$4,IF(ISNUMBER(SEARCH("Conservative",B12)),National!$L$5,IF(OR(ISNUMBER(SEARCH("Reform",B12)),ISNUMBER(SEARCH("RefUK",B12))),National!$L$6,IF(ISNUMBER(SEARCH("Green",B12)),National!$L$7,IF(OR(ISNUMBER(SEARCH("Liberal Democrat",B12)),ISNUMBER(SEARCH("Lib Dem",B12))),National!$L$8,National!$L$9))))) -> 267.42308 | G12: =F12*100/$B$1 -> 2.6611909
A13: Julian Charles Sutton | B13: Green Party | C13: 140 | D13: =C13*100/SUM($C$7:$C$18) -> 1.4794463 | E13: =C13*100/$B$1 -> 1.3931735 | F13: =C13*IF(ISNUMBER(SEARCH("Labour",B13)),National!$L$4,IF(ISNUMBER(SEARCH("Conservative",B13)),National!$L$5,IF(OR(ISNUMBER(SEARCH("Reform",B13)),ISNUMBER(SEARCH("RefUK",B13))),National!$L$6,IF(ISNUMBER(SEARCH("Green",B13)),National!$L$7,IF(OR(ISNUMBER(SEARCH("Liberal Democrat",B13)),ISNUMBER(SEARCH("Lib Dem",B13))),National!$L$8,National!$L$9))))) -> 332.5 | G13: =F13*100/$B$1 -> 3.3087869
A14: Aaron Robert Sergejenkovs-Telford (commonly known as Aaron Sergejenkovs-Telford) | B14: Liberal Democrats | C14: 51 | D14: =C14*100/SUM($C$7:$C$18) -> 0.53894114 | E14: =C14*100/$B$1 -> 0.50751319 | F14: =C14*IF(ISNUMBER(SEARCH("Labour",B14)),National!$L$4,IF(ISNUMBER(SEARCH("Conservative",B14)),National!$L$5,IF(OR(ISNUMBER(SEARCH("Reform",B14)),ISNUMBER(SEARCH("RefUK",B14))),National!$L$6,IF(ISNUMBER(SEARCH("Green",B14)),National!$L$7,IF(OR(ISNUMBER(SEARCH("Liberal Democrat",B14)),ISNUMBER(SEARCH("Lib Dem",B14))),National!$L$8,National!$L$9))))) -> 71.4 | G14: =F14*100/$B$1 -> 0.71051846
A15: Steven John Hudson (commonly known as Steve Hudson) | B15: Reform UK | C15: 94 | D15: =C15*100/SUM($C$7:$C$18) -> 0.99334249 | E15: =C15*100/$B$1 -> 0.93541646 | F15: =C15*IF(ISNUMBER(SEARCH("Labour",B15)),National!$L$4,IF(ISNUMBER(SEARCH("Conservative",B15)),National!$L$5,IF(OR(ISNUMBER(SEARCH("Reform",B15)),ISNUMBER(SEARCH("RefUK",B15))),National!$L$6,IF(ISNUMBER(SEARCH("Green",B15)),National!$L$7,IF(OR(ISNUMBER(SEARCH("Liberal Democrat",B15)),ISNUMBER(SEARCH("Lib Dem",B15))),National!$L$8,National!$L$9))))) -> 391.66667 | G15: =F15*100/$B$1 -> 3.8975686
A16: George Josiah Thomas Crozer | B16: Independent | C16: 2388 | D16: =C16*100/SUM($C$7:$C$18) -> 25.235126 | E16: =C16*100/$B$1 -> 23.763559 | F16: =C16*IF(ISNUMBER(SEARCH("Labour",B16)),National!$L$4,IF(ISNUMBER(SEARCH("Conservative",B16)),National!$L$5,IF(OR(ISNUMBER(SEARCH("Reform",B16)),ISNUMBER(SEARCH("RefUK",B16))),National!$L$6,IF(ISNUMBER(SEARCH("Green",B16)),National!$L$7,IF(OR(ISNUMBER(SEARCH("Liberal Democrat",B16)),ISNUMBER(SEARCH("Lib Dem",B16))),National!$L$8,National!$L$9))))) -> 2729.1429 | G16: =F16*100/$B$1 -> 27.158353
A17: Ronald Philip Sands (commonly known as Ron Sands) | B17: Independent | C17: 2279 | D17: =C17*100/SUM($C$7:$C$18) -> 24.083272 | E17: =C17*100/$B$1 -> 22.678874 | F17: =C17*IF(ISNUMBER(SEARCH("Labour",B17)),National!$L$4,IF(ISNUMBER(SEARCH("Conservative",B17)),National!$L$5,IF(OR(ISNUMBER(SEARCH("Reform",B17)),ISNUMBER(SEARCH("RefUK",B17))),National!$L$6,IF(ISNUMBER(SEARCH("Green",B17)),National!$L$7,IF(OR(ISNUMBER(SEARCH("Liberal Democrat",B17)),ISNUMBER(SEARCH("Lib Dem",B17))),National!$L$8,National!$L$9))))) -> 2604.5714 | G17: =F17*100/$B$1 -> 25.918713
A18: Michael Ian Pearce | B18: Independent | C18: 2230 | D18: =C18*100/SUM($C$7:$C$18) -> 23.565465 | E18: =C18*100/$B$1 -> 22.191263 | F18: =C18*IF(ISNUMBER(SEARCH("Labour",B18)),National!$L$4,IF(ISNUMBER(SEARCH("Conservative",B18)),National!$L$5,IF(OR(ISNUMBER(SEARCH("Reform",B18)),ISNUMBER(SEARCH("RefUK",B18))),National!$L$6,IF(ISNUMBER(SEARCH("Green",B18)),National!$L$7,IF(OR(ISNUMBER(SEARCH("Liberal Democrat",B18)),ISNUMBER(SEARCH("Lib Dem",B18))),National!$L$8,National!$L$9))))) -> 2548.5714 | G18: =F18*100/$B$1 -> 25.361443

Sheet Lordswood & Walderslade
A1: Electorate (registered electors) | B1: 10857
A2: Councillors elected in ward | B2: 3
A3: Turnout | B3: 0.2758
A4: Blank / invalid ballots (rejected) | B4: 0
F5: prediction based in national swing since May 2023
A6: Candidate | B6: Party | C6: Votes | D6: % of votes | E6: % of electors | F6: votes | G6: % of electorate
A7: Christine Janice Godwin | B7: Labour Party | C7: 917 | D7: =C7*100/SUM($C$7:$C$14) -> 11.155718 | E7: =C7*100/$B$1 -> 8.4461638 | F7: =C7*IF(ISNUMBER(SEARCH("Labour",B7)),National!$L$4,IF(ISNUMBER(SEARCH("Conservative",B7)),National!$L$5,IF(OR(ISNUMBER(SEARCH("Reform",B7)),ISNUMBER(SEARCH("RefUK",B7))),National!$L$6,IF(ISNUMBER(SEARCH("Green",B7)),National!$L$7,IF(OR(ISNUMBER(SEARCH("Liberal Democrat",B7)),ISNUMBER(SEARCH("Lib Dem",B7))),National!$L$8,National!$L$9))))) -> 362.53488 | G7: =F7*100/$B$1 -> 3.339181
A8: David Alun Bowen | B8: Labour Party | C8: 817 | D8: =C8*100/SUM($C$7:$C$14) -> 9.9391727 | E8: =C8*100/$B$1 -> 7.525099 | F8: =C8*IF(ISNUMBER(SEARCH("Labour",B8)),National!$L$4,IF(ISNUMBER(SEARCH("Conservative",B8)),National!$L$5,IF(OR(ISNUMBER(SEARCH("Reform",B8)),ISNUMBER(SEARCH("RefUK",B8))),National!$L$6,IF(ISNUMBER(SEARCH("Green",B8)),National!$L$7,IF(OR(ISNUMBER(SEARCH("Liberal Democrat",B8)),ISNUMBER(SEARCH("Lib Dem",B8))),National!$L$8,National!$L$9))))) -> 323 | G8: =F8*100/$B$1 -> 2.9750391
A9: Brad Cook (Bradley Charles George Cook; commonly known as Brad Cook) | B9: Labour Party | C9: 777 | D9: =C9*100/SUM($C$7:$C$14) -> 9.4525547 | E9: =C9*100/$B$1 -> 7.1566731 | F9: =C9*IF(ISNUMBER(SEARCH("Labour",B9)),National!$L$4,IF(ISNUMBER(SEARCH("Conservative",B9)),National!$L$5,IF(OR(ISNUMBER(SEARCH("Reform",B9)),ISNUMBER(SEARCH("RefUK",B9))),National!$L$6,IF(ISNUMBER(SEARCH("Green",B9)),National!$L$7,IF(OR(ISNUMBER(SEARCH("Liberal Democrat",B9)),ISNUMBER(SEARCH("Lib Dem",B9))),National!$L$8,National!$L$9))))) -> 307.18605 | G9: =F9*100/$B$1 -> 2.8293824
A10: David Frederick Brake | B10: Local Conservatives | C10: 1752 | D10: =C10*100/SUM($C$7:$C$14) -> 21.313869 | E10: =C10*100/$B$1 -> 16.137054 | F10: =C10*IF(ISNUMBER(SEARCH("Labour",B10)),National!$L$4,IF(ISNUMBER(SEARCH("Conservative",B10)),National!$L$5,IF(OR(ISNUMBER(SEARCH("Reform",B10)),ISNUMBER(SEARCH("RefUK",B10))),National!$L$6,IF(ISNUMBER(SEARCH("Green",B10)),National!$L$7,IF(OR(ISNUMBER(SEARCH("Liberal Democrat",B10)),ISNUMBER(SEARCH("Lib Dem",B10))),National!$L$8,National!$L$9))))) -> 1145.5385 | G10: =F10*100/$B$1 -> 10.551151
A11: David Robert Wildey | B11: Local Conservatives | C11: 1728 | D11: =C11*100/SUM($C$7:$C$14) -> 21.021898 | E11: =C11*100/$B$1 -> 15.915999 | F11: =C11*IF(ISNUMBER(SEARCH("Labour",B11)),National!$L$4,IF(ISNUMBER(SEARCH("Conservative",B11)),National!$L$5,IF(OR(ISNUMBER(SEARCH("Reform",B11)),ISNUMBER(SEARCH("RefUK",B11))),National!$L$6,IF(ISNUMBER(SEARCH("Green",B11)),National!$L$7,IF(OR(ISNUMBER(SEARCH("Liberal Democrat",B11)),ISNUMBER(SEARCH("Lib Dem",B11))),National!$L$8,National!$L$9))))) -> 1129.8462 | G11: =F11*100/$B$1 -> 10.406615
A12: Adrian Victor Henry Gulvin | B12: Local Conservatives | C12: 1618 | D12: =C12*100/SUM($C$7:$C$14) -> 19.683698 | E12: =C12*100/$B$1 -> 14.902828 | F12: =C12*IF(ISNUMBER(SEARCH("Labour",B12)),National!$L$4,IF(ISNUMBER(SEARCH("Conservative",B12)),National!$L$5,IF(OR(ISNUMBER(SEARCH("Reform",B12)),ISNUMBER(SEARCH("RefUK",B12))),National!$L$6,IF(ISNUMBER(SEARCH("Green",B12)),National!$L$7,IF(OR(ISNUMBER(SEARCH("Liberal Democrat",B12)),ISNUMBER(SEARCH("Lib Dem",B12))),National!$L$8,National!$L$9))))) -> 1057.9231 | G12: =F12*100/$B$1 -> 9.7441566
A13: Sonia Lesley Hyner | B13: Green Party | C13: 339 | D13: =C13*100/SUM($C$7:$C$14) -> 4.1240876 | E13: =C13*100/$B$1 -> 3.1224095 | F13: =C13*IF(ISNUMBER(SEARCH("Labour",B13)),National!$L$4,IF(ISNUMBER(SEARCH("Conservative",B13)),National!$L$5,IF(OR(ISNUMBER(SEARCH("Reform",B13)),ISNUMBER(SEARCH("RefUK",B13))),National!$L$6,IF(ISNUMBER(SEARCH("Green",B13)),National!$L$7,IF(OR(ISNUMBER(SEARCH("Liberal Democrat",B13)),ISNUMBER(SEARCH("Lib Dem",B13))),National!$L$8,National!$L$9))))) -> 805.125 | G13: =F13*100/$B$1 -> 7.4157226
A14: Matthew William Vincent | B14: Liberal Democrats | C14: 272 | D14: =C14*100/SUM($C$7:$C$14) -> 3.3090024 | E14: =C14*100/$B$1 -> 2.5052961 | F14: =C14*IF(ISNUMBER(SEARCH("Labour",B14)),National!$L$4,IF(ISNUMBER(SEARCH("Conservative",B14)),National!$L$5,IF(OR(ISNUMBER(SEARCH("Reform",B14)),ISNUMBER(SEARCH("RefUK",B14))),National!$L$6,IF(ISNUMBER(SEARCH("Green",B14)),National!$L$7,IF(OR(ISNUMBER(SEARCH("Liberal Democrat",B14)),ISNUMBER(SEARCH("Lib Dem",B14))),National!$L$8,National!$L$9))))) -> 380.8 | G14: =F14*100/$B$1 -> 3.5074146

Sheet Luton
A1: Electorate (registered electors) | B1: 6871
A2: Councillors elected in ward | B2: 2
A3: Turnout | B3: 0.2235
A4: Blank / invalid ballots (rejected) | B4: 14
F5: prediction based in national swing since May 2023
A6: Candidate | B6: Party | C6: Votes | D6: % of votes | E6: % of electors | F6: votes | G6: % of electorate
A7: Simon Michael Curry | B7: Labour and Co-operative Party | C7: 796 | D7: =C7*100/SUM($C$7:$C$12) -> 27.372765 | E7: =C7*100/$B$1 -> 11.584922 | F7: =C7*IF(ISNUMBER(SEARCH("Labour",B7)),National!$L$4,IF(ISNUMBER(SEARCH("Conservative",B7)),National!$L$5,IF(OR(ISNUMBER(SEARCH("Reform",B7)),ISNUMBER(SEARCH("RefUK",B7))),National!$L$6,IF(ISNUMBER(SEARCH("Green",B7)),National!$L$7,IF(OR(ISNUMBER(SEARCH("Liberal Democrat",B7)),ISNUMBER(SEARCH("Lib Dem",B7))),National!$L$8,National!$L$9))))) -> 314.69767 | G7: =F7*100/$B$1 -> 4.5800855
A8: Jo Howcroft-Scott (Joanne Christine Howcroft-Scott; commonly known as Jo Howcroft-Scott) | B8: Labour and Co-operative Party | C8: 751 | D8: =C8*100/SUM($C$7:$C$12) -> 25.825309 | E8: =C8*100/$B$1 -> 10.929996 | F8: =C8*IF(ISNUMBER(SEARCH("Labour",B8)),National!$L$4,IF(ISNUMBER(SEARCH("Conservative",B8)),National!$L$5,IF(OR(ISNUMBER(SEARCH("Reform",B8)),ISNUMBER(SEARCH("RefUK",B8))),National!$L$6,IF(ISNUMBER(SEARCH("Green",B8)),National!$L$7,IF(OR(ISNUMBER(SEARCH("Liberal Democrat",B8)),ISNUMBER(SEARCH("Lib Dem",B8))),National!$L$8,National!$L$9))))) -> 296.90698 | G8: =F8*100/$B$1 -> 4.3211611
A9: Lulu Lammas (Marianna Hendrika Lammas; commonly known as Lulu Lammas) | B9: Conservative Party candidate | C9: 541 | D9: =C9*100/SUM($C$7:$C$12) -> 18.603851 | E9: =C9*100/$B$1 -> 7.873672 | F9: =C9*IF(ISNUMBER(SEARCH("Labour",B9)),National!$L$4,IF(ISNUMBER(SEARCH("Conservative",B9)),National!$L$5,IF(OR(ISNUMBER(SEARCH("Reform",B9)),ISNUMBER(SEARCH("RefUK",B9))),National!$L$6,IF(ISNUMBER(SEARCH("Green",B9)),National!$L$7,IF(OR(ISNUMBER(SEARCH("Liberal Democrat",B9)),ISNUMBER(SEARCH("Lib Dem",B9))),National!$L$8,National!$L$9))))) -> 353.73077 | G9: =F9*100/$B$1 -> 5.1481701
A10: Mos Igani (Mosueneme Igani; commonly known as Mos Igani) | B10: Conservative Party candidate | C10: 510 | D10: =C10*100/SUM($C$7:$C$12) -> 17.537827 | E10: =C10*100/$B$1 -> 7.4225004 | F10: =C10*IF(ISNUMBER(SEARCH("Labour",B10)),National!$L$4,IF(ISNUMBER(SEARCH("Conservative",B10)),National!$L$5,IF(OR(ISNUMBER(SEARCH("Reform",B10)),ISNUMBER(SEARCH("RefUK",B10))),National!$L$6,IF(ISNUMBER(SEARCH("Green",B10)),National!$L$7,IF(OR(ISNUMBER(SEARCH("Liberal Democrat",B10)),ISNUMBER(SEARCH("Lib Dem",B10))),National!$L$8,National!$L$9))))) -> 333.46154 | G10: =F10*100/$B$1 -> 4.8531733
A11: Debbie Sutton (Deborah Susan Sutton; commonly known as Debbie Sutton) | B11: Green Party | C11: 174 | D11: =C11*100/SUM($C$7:$C$12) -> 5.9834938 | E11: =C11*100/$B$1 -> 2.5323825 | F11: =C11*IF(ISNUMBER(SEARCH("Labour",B11)),National!$L$4,IF(ISNUMBER(SEARCH("Conservative",B11)),National!$L$5,IF(OR(ISNUMBER(SEARCH("Reform",B11)),ISNUMBER(SEARCH("RefUK",B11))),National!$L$6,IF(ISNUMBER(SEARCH("Green",B11)),National!$L$7,IF(OR(ISNUMBER(SEARCH("Liberal Democrat",B11)),ISNUMBER(SEARCH("Lib Dem",B11))),National!$L$8,National!$L$9))))) -> 413.25 | G11: =F11*100/$B$1 -> 6.0144084
A12: Paul Anthony O'Neill | B12: Liberal Democrats | C12: 136 | D12: =C12*100/SUM($C$7:$C$12) -> 4.6767538 | E12: =C12*100/$B$1 -> 1.9793334 | F12: =C12*IF(ISNUMBER(SEARCH("Labour",B12)),National!$L$4,IF(ISNUMBER(SEARCH("Conservative",B12)),National!$L$5,IF(OR(ISNUMBER(SEARCH("Reform",B12)),ISNUMBER(SEARCH("RefUK",B12))),National!$L$6,IF(ISNUMBER(SEARCH("Green",B12)),National!$L$7,IF(OR(ISNUMBER(SEARCH("Liberal Democrat",B12)),ISNUMBER(SEARCH("Lib Dem",B12))),National!$L$8,National!$L$9))))) -> 190.4 | G12: =F12*100/$B$1 -> 2.7710668

Sheet Princes Park
A1: Electorate (registered electors) | B1: 6645
A2: Councillors elected in ward | B2: 2
A3: Turnout | B3: 0.2439
A4: Blank / invalid ballots (rejected) | B4: 0
F5: prediction based in national swing since May 2023
A6: Candidate | B6: Party | C6: Votes | D6: % of votes | E6: % of electors | F6: votes | G6: % of electorate
A7: John Gower Strevens | B7: Labour Party | C7: 486 | D7: =C7*100/SUM($C$7:$C$12) -> 15.913556 | E7: =C7*100/$B$1 -> 7.3137698 | F7: =C7*IF(ISNUMBER(SEARCH("Labour",B7)),National!$L$4,IF(ISNUMBER(SEARCH("Conservative",B7)),National!$L$5,IF(OR(ISNUMBER(SEARCH("Reform",B7)),ISNUMBER(SEARCH("RefUK",B7))),National!$L$6,IF(ISNUMBER(SEARCH("Green",B7)),National!$L$7,IF(OR(ISNUMBER(SEARCH("Liberal Democrat",B7)),ISNUMBER(SEARCH("Lib Dem",B7))),National!$L$8,National!$L$9))))) -> 192.13953 | G7: =F7*100/$B$1 -> 2.8914904
A8: Temi Olodo (Temitope Omontanwa Olodo; commonly known as Temi Olodo) | B8: Labour Party | C8: 425 | D8: =C8*100/SUM($C$7:$C$12) -> 13.916176 | E8: =C8*100/$B$1 -> 6.3957863 | F8: =C8*IF(ISNUMBER(SEARCH("Labour",B8)),National!$L$4,IF(ISNUMBER(SEARCH("Conservative",B8)),National!$L$5,IF(OR(ISNUMBER(SEARCH("Reform",B8)),ISNUMBER(SEARCH("RefUK",B8))),National!$L$6,IF(ISNUMBER(SEARCH("Green",B8)),National!$L$7,IF(OR(ISNUMBER(SEARCH("Liberal Democrat",B8)),ISNUMBER(SEARCH("Lib Dem",B8))),National!$L$8,National!$L$9))))) -> 168.02326 | G8: =F8*100/$B$1 -> 2.5285667
A9: Robbie Lammas (Robert George Benedict Lammas; commonly known as Robbie Lammas) | B9: Conservative Party candidate | C9: 938 | D9: =C9*100/SUM($C$7:$C$12) -> 30.713818 | E9: =C9*100/$B$1 -> 14.115877 | F9: =C9*IF(ISNUMBER(SEARCH("Labour",B9)),National!$L$4,IF(ISNUMBER(SEARCH("Conservative",B9)),National!$L$5,IF(OR(ISNUMBER(SEARCH("Reform",B9)),ISNUMBER(SEARCH("RefUK",B9))),National!$L$6,IF(ISNUMBER(SEARCH("Green",B9)),National!$L$7,IF(OR(ISNUMBER(SEARCH("Liberal Democrat",B9)),ISNUMBER(SEARCH("Lib Dem",B9))),National!$L$8,National!$L$9))))) -> 613.30769 | G9: =F9*100/$B$1 -> 9.2296116
A10: Alex Hyne (Alexander Thomas Hyne; commonly known as Alex) | B10: Conservative Party candidate | C10: 933 | D10: =C10*100/SUM($C$7:$C$12) -> 30.550098 | E10: =C10*100/$B$1 -> 14.040632 | F10: =C10*IF(ISNUMBER(SEARCH("Labour",B10)),National!$L$4,IF(ISNUMBER(SEARCH("Conservative",B10)),National!$L$5,IF(OR(ISNUMBER(SEARCH("Reform",B10)),ISNUMBER(SEARCH("RefUK",B10))),National!$L$6,IF(ISNUMBER(SEARCH("Green",B10)),National!$L$7,IF(OR(ISNUMBER(SEARCH("Liberal Democrat",B10)),ISNUMBER(SEARCH("Lib Dem",B10))),National!$L$8,National!$L$9))))) -> 610.03846 | G10: =F10*100/$B$1 -> 9.1804133
A11: Simon Phillip Marchant | B11: Green Party | C11: 156 | D11: =C11*100/SUM($C$7:$C$12) -> 5.108055 | E11: =C11*100/$B$1 -> 2.3476298 | F11: =C11*IF(ISNUMBER(SEARCH("Labour",B11)),National!$L$4,IF(ISNUMBER(SEARCH("Conservative",B11)),National!$L$5,IF(OR(ISNUMBER(SEARCH("Reform",B11)),ISNUMBER(SEARCH("RefUK",B11))),National!$L$6,IF(ISNUMBER(SEARCH("Green",B11)),National!$L$7,IF(OR(ISNUMBER(SEARCH("Liberal Democrat",B11)),ISNUMBER(SEARCH("Lib Dem",B11))),National!$L$8,National!$L$9))))) -> 370.5 | G11: =F11*100/$B$1 -> 5.5756208
A12: Ian Christopher Sailes | B12: Liberal Democrats | C12: 116 | D12: =C12*100/SUM($C$7:$C$12) -> 3.7982973 | E12: =C12*100/$B$1 -> 1.7456734 | F12: =C12*IF(ISNUMBER(SEARCH("Labour",B12)),National!$L$4,IF(ISNUMBER(SEARCH("Conservative",B12)),National!$L$5,IF(OR(ISNUMBER(SEARCH("Reform",B12)),ISNUMBER(SEARCH("RefUK",B12))),National!$L$6,IF(ISNUMBER(SEARCH("Green",B12)),National!$L$7,IF(OR(ISNUMBER(SEARCH("Liberal Democrat",B12)),ISNUMBER(SEARCH("Lib Dem",B12))),National!$L$8,National!$L$9))))) -> 162.4 | G12: =F12*100/$B$1 -> 2.4439428

Sheet Rainham North
A1: Electorate (registered electors) | B1: 10341
A2: Councillors elected in ward | B2: 3
A3: Turnout | B3: 0.2873
A4: Blank / invalid ballots (rejected) | B4: 0
F5: prediction based in national swing since May 2023
A6: Candidate | B6: Party | C6: Votes | D6: % of votes | E6: % of electors | F6: votes | G6: % of electorate
A7: Mark Richard Harrison | B7: Labour Party | C7: 1025 | D7: =C7*100/SUM($C$7:$C$16) -> 12.512207 | E7: =C7*100/$B$1 -> 9.9120008 | F7: =C7*IF(ISNUMBER(SEARCH("Labour",B7)),National!$L$4,IF(ISNUMBER(SEARCH("Conservative",B7)),National!$L$5,IF(OR(ISNUMBER(SEARCH("Reform",B7)),ISNUMBER(SEARCH("RefUK",B7))),National!$L$6,IF(ISNUMBER(SEARCH("Green",B7)),National!$L$7,IF(OR(ISNUMBER(SEARCH("Liberal Democrat",B7)),ISNUMBER(SEARCH("Lib Dem",B7))),National!$L$8,National!$L$9))))) -> 405.23256 | G7: =F7*100/$B$1 -> 3.918698
A8: Nikita Morris (Nonchalonte Nikita Morris; commonly known as Nikita Morris) | B8: Labour Party | C8: 946 | D8: =C8*100/SUM($C$7:$C$16) -> 11.547852 | E8: =C8*100/$B$1 -> 9.1480514 | F8: =C8*IF(ISNUMBER(SEARCH("Labour",B8)),National!$L$4,IF(ISNUMBER(SEARCH("Conservative",B8)),National!$L$5,IF(OR(ISNUMBER(SEARCH("Reform",B8)),ISNUMBER(SEARCH("RefUK",B8))),National!$L$6,IF(ISNUMBER(SEARCH("Green",B8)),National!$L$7,IF(OR(ISNUMBER(SEARCH("Liberal Democrat",B8)),ISNUMBER(SEARCH("Lib Dem",B8))),National!$L$8,National!$L$9))))) -> 374 | G8: =F8*100/$B$1 -> 3.6166715
A9: Mutz Khan (Ahmed Mutahir Khan; commonly known as Mutz Khan) | B9: Labour Party | C9: 907 | D9: =C9*100/SUM($C$7:$C$16) -> 11.071777 | E9: =C9*100/$B$1 -> 8.7709119 | F9: =C9*IF(ISNUMBER(SEARCH("Labour",B9)),National!$L$4,IF(ISNUMBER(SEARCH("Conservative",B9)),National!$L$5,IF(OR(ISNUMBER(SEARCH("Reform",B9)),ISNUMBER(SEARCH("RefUK",B9))),National!$L$6,IF(ISNUMBER(SEARCH("Green",B9)),National!$L$7,IF(OR(ISNUMBER(SEARCH("Liberal Democrat",B9)),ISNUMBER(SEARCH("Lib Dem",B9))),National!$L$8,National!$L$9))))) -> 358.5814 | G9: =F9*100/$B$1 -> 3.4675698
A10: George Harry Perfect | B10: Conservative Party candidate | C10: 1210 | D10: =C10*100/SUM($C$7:$C$16) -> 14.770508 | E10: =C10*100/$B$1 -> 11.700996 | F10: =C10*IF(ISNUMBER(SEARCH("Labour",B10)),National!$L$4,IF(ISNUMBER(SEARCH("Conservative",B10)),National!$L$5,IF(OR(ISNUMBER(SEARCH("Reform",B10)),ISNUMBER(SEARCH("RefUK",B10))),National!$L$6,IF(ISNUMBER(SEARCH("Green",B10)),National!$L$7,IF(OR(ISNUMBER(SEARCH("Liberal Democrat",B10)),ISNUMBER(SEARCH("Lib Dem",B10))),National!$L$8,National!$L$9))))) -> 791.15385 | G10: =F10*100/$B$1 -> 7.6506513
A11: Wayne Ronald Spring | B11: Conservative Party candidate | C11: 1138 | D11: =C11*100/SUM($C$7:$C$16) -> 13.891602 | E11: =C11*100/$B$1 -> 11.004738 | F11: =C11*IF(ISNUMBER(SEARCH("Labour",B11)),National!$L$4,IF(ISNUMBER(SEARCH("Conservative",B11)),National!$L$5,IF(OR(ISNUMBER(SEARCH("Reform",B11)),ISNUMBER(SEARCH("RefUK",B11))),National!$L$6,IF(ISNUMBER(SEARCH("Green",B11)),National!$L$7,IF(OR(ISNUMBER(SEARCH("Liberal Democrat",B11)),ISNUMBER(SEARCH("Lib Dem",B11))),National!$L$8,National!$L$9))))) -> 744.07692 | G11: =F11*100/$B$1 -> 7.1954059
A12: Kwashie Amartei Anang | B12: Conservative Party candidate | C12: 1124 | D12: =C12*100/SUM($C$7:$C$16) -> 13.720703 | E12: =C12*100/$B$1 -> 10.869355 | F12: =C12*IF(ISNUMBER(SEARCH("Labour",B12)),National!$L$4,IF(ISNUMBER(SEARCH("Conservative",B12)),National!$L$5,IF(OR(ISNUMBER(SEARCH("Reform",B12)),ISNUMBER(SEARCH("RefUK",B12))),National!$L$6,IF(ISNUMBER(SEARCH("Green",B12)),National!$L$7,IF(OR(ISNUMBER(SEARCH("Liberal Democrat",B12)),ISNUMBER(SEARCH("Lib Dem",B12))),National!$L$8,National!$L$9))))) -> 734.92308 | G12: =F12*100/$B$1 -> 7.106886
A13: Trish Marchant (Patricia Anne Marchant; commonly known as Trish Marchant) | B13: Green Party | C13: 442 | D13: =C13*100/SUM($C$7:$C$16) -> 5.3955078 | E13: =C13*100/$B$1 -> 4.2742481 | F13: =C13*IF(ISNUMBER(SEARCH("Labour",B13)),National!$L$4,IF(ISNUMBER(SEARCH("Conservative",B13)),National!$L$5,IF(OR(ISNUMBER(SEARCH("Reform",B13)),ISNUMBER(SEARCH("RefUK",B13))),National!$L$6,IF(ISNUMBER(SEARCH("Green",B13)),National!$L$7,IF(OR(ISNUMBER(SEARCH("Liberal Democrat",B13)),ISNUMBER(SEARCH("Lib Dem",B13))),National!$L$8,National!$L$9))))) -> 1049.75 | G13: =F13*100/$B$1 -> 10.151339
A14: Stuart James Bourne | B14: Liberal Democrats | C14: 675 | D14: =C14*100/SUM($C$7:$C$16) -> 8.2397461 | E14: =C14*100/$B$1 -> 6.5274151 | F14: =C14*IF(ISNUMBER(SEARCH("Labour",B14)),National!$L$4,IF(ISNUMBER(SEARCH("Conservative",B14)),National!$L$5,IF(OR(ISNUMBER(SEARCH("Reform",B14)),ISNUMBER(SEARCH("RefUK",B14))),National!$L$6,IF(ISNUMBER(SEARCH("Green",B14)),National!$L$7,IF(OR(ISNUMBER(SEARCH("Liberal Democrat",B14)),ISNUMBER(SEARCH("Lib Dem",B14))),National!$L$8,National!$L$9))))) -> 945 | G14: =F14*100/$B$1 -> 9.1383812
A15: Rosell Alan William Collins | B15: Liberal Democrats | C15: 402 | D15: =C15*100/SUM($C$7:$C$16) -> 4.9072266 | E15: =C15*100/$B$1 -> 3.8874384 | F15: =C15*IF(ISNUMBER(SEARCH("Labour",B15)),National!$L$4,IF(ISNUMBER(SEARCH("Conservative",B15)),National!$L$5,IF(OR(ISNUMBER(SEARCH("Reform",B15)),ISNUMBER(SEARCH("RefUK",B15))),National!$L$6,IF(ISNUMBER(SEARCH("Green",B15)),National!$L$7,IF(OR(ISNUMBER(SEARCH("Liberal Democrat",B15)),ISNUMBER(SEARCH("Lib Dem",B15))),National!$L$8,National!$L$9))))) -> 562.8 | G15: =F15*100/$B$1 -> 5.4424137
A16: Nicholas Chan (Yu Hin Nick Chan; commonly known as Nicholas Chan) | B16: Liberal Democrats | C16: 323 | D16: =C16*100/SUM($C$7:$C$16) -> 3.9428711 | E16: =C16*100/$B$1 -> 3.123489 | F16: =C16*IF(ISNUMBER(SEARCH("Labour",B16)),National!$L$4,IF(ISNUMBER(SEARCH("Conservative",B16)),National!$L$5,IF(OR(ISNUMBER(SEARCH("Reform",B16)),ISNUMBER(SEARCH("RefUK",B16))),National!$L$6,IF(ISNUMBER(SEARCH("Green",B16)),National!$L$7,IF(OR(ISNUMBER(SEARCH("Liberal Democrat",B16)),ISNUMBER(SEARCH("Lib Dem",B16))),National!$L$8,National!$L$9))))) -> 452.2 | G16: =F16*100/$B$1 -> 4.3728846

Sheet Rainham South East
A1: Electorate (registered electors) | B1: 10466
A2: Councillors elected in ward | B2: 3
A3: Turnout | B3: 0.2715
A4: Blank / invalid ballots (rejected) | B4: 9
F5: prediction based in national swing since May 2023
A6: Candidate | B6: Party | C6: Votes | D6: % of votes | E6: % of electors | F6: votes | G6: % of electorate
A7: Katrina Karen Campbell | B7: Labour Party | C7: 920 | D7: =C7*100/SUM($C$7:$C$15) -> 11.835842 | E7: =C7*100/$B$1 -> 8.7903688 | F7: =C7*IF(ISNUMBER(SEARCH("Labour",B7)),National!$L$4,IF(ISNUMBER(SEARCH("Conservative",B7)),National!$L$5,IF(OR(ISNUMBER(SEARCH("Reform",B7)),ISNUMBER(SEARCH("RefUK",B7))),National!$L$6,IF(ISNUMBER(SEARCH("Green",B7)),National!$L$7,IF(OR(ISNUMBER(SEARCH("Liberal Democrat",B7)),ISNUMBER(SEARCH("Lib Dem",B7))),National!$L$8,National!$L$9))))) -> 363.72093 | G7: =F7*100/$B$1 -> 3.4752621
A8: Iain Michael Childs | B8: Labour Party | C8: 835 | D8: =C8*100/SUM($C$7:$C$15) -> 10.742313 | E8: =C8*100/$B$1 -> 7.9782152 | F8: =C8*IF(ISNUMBER(SEARCH("Labour",B8)),National!$L$4,IF(ISNUMBER(SEARCH("Conservative",B8)),National!$L$5,IF(OR(ISNUMBER(SEARCH("Reform",B8)),ISNUMBER(SEARCH("RefUK",B8))),National!$L$6,IF(ISNUMBER(SEARCH("Green",B8)),National!$L$7,IF(OR(ISNUMBER(SEARCH("Liberal Democrat",B8)),ISNUMBER(SEARCH("Lib Dem",B8))),National!$L$8,National!$L$9))))) -> 330.11628 | G8: =F8*100/$B$1 -> 3.1541781
A9: Chiron Peter Mottram | B9: Labour Party | C9: 759 | D9: =C9*100/SUM($C$7:$C$15) -> 9.7645697 | E9: =C9*100/$B$1 -> 7.2520543 | F9: =C9*IF(ISNUMBER(SEARCH("Labour",B9)),National!$L$4,IF(ISNUMBER(SEARCH("Conservative",B9)),National!$L$5,IF(OR(ISNUMBER(SEARCH("Reform",B9)),ISNUMBER(SEARCH("RefUK",B9))),National!$L$6,IF(ISNUMBER(SEARCH("Green",B9)),National!$L$7,IF(OR(ISNUMBER(SEARCH("Liberal Democrat",B9)),ISNUMBER(SEARCH("Lib Dem",B9))),National!$L$8,National!$L$9))))) -> 300.06977 | G9: =F9*100/$B$1 -> 2.8670912
A10: Roger Barrett | B10: Conservative Party candidate | C10: 1455 | D10: =C10*100/SUM($C$7:$C$15) -> 18.718641 | E10: =C10*100/$B$1 -> 13.902159 | F10: =C10*IF(ISNUMBER(SEARCH("Labour",B10)),National!$L$4,IF(ISNUMBER(SEARCH("Conservative",B10)),National!$L$5,IF(OR(ISNUMBER(SEARCH("Reform",B10)),ISNUMBER(SEARCH("RefUK",B10))),National!$L$6,IF(ISNUMBER(SEARCH("Green",B10)),National!$L$7,IF(OR(ISNUMBER(SEARCH("Liberal Democrat",B10)),ISNUMBER(SEARCH("Lib Dem",B10))),National!$L$8,National!$L$9))))) -> 951.34615 | G10: =F10*100/$B$1 -> 9.0898734
A11: Howard Francis Doe | B11: Conservative Party candidate | C11: 1448 | D11: =C11*100/SUM($C$7:$C$15) -> 18.628586 | E11: =C11*100/$B$1 -> 13.835276 | F11: =C11*IF(ISNUMBER(SEARCH("Labour",B11)),National!$L$4,IF(ISNUMBER(SEARCH("Conservative",B11)),National!$L$5,IF(OR(ISNUMBER(SEARCH("Reform",B11)),ISNUMBER(SEARCH("RefUK",B11))),National!$L$6,IF(ISNUMBER(SEARCH("Green",B11)),National!$L$7,IF(OR(ISNUMBER(SEARCH("Liberal Democrat",B11)),ISNUMBER(SEARCH("Lib Dem",B11))),National!$L$8,National!$L$9))))) -> 946.76923 | G11: =F11*100/$B$1 -> 9.0461421
A12: Gary John Hackwell | B12: Conservative Party candidate | C12: 1430 | D12: =C12*100/SUM($C$7:$C$15) -> 18.397015 | E12: =C12*100/$B$1 -> 13.663291 | F12: =C12*IF(ISNUMBER(SEARCH("Labour",B12)),National!$L$4,IF(ISNUMBER(SEARCH("Conservative",B12)),National!$L$5,IF(OR(ISNUMBER(SEARCH("Reform",B12)),ISNUMBER(SEARCH("RefUK",B12))),National!$L$6,IF(ISNUMBER(SEARCH("Green",B12)),National!$L$7,IF(OR(ISNUMBER(SEARCH("Liberal Democrat",B12)),ISNUMBER(SEARCH("Lib Dem",B12))),National!$L$8,National!$L$9))))) -> 935 | G12: =F12*100/$B$1 -> 8.93369
A13: Mary Winifred Smith | B13: Green Party | C13: 431 | D13: =C13*100/SUM($C$7:$C$15) -> 5.5448347 | E13: =C13*100/$B$1 -> 4.1180967 | F13: =C13*IF(ISNUMBER(SEARCH("Labour",B13)),National!$L$4,IF(ISNUMBER(SEARCH("Conservative",B13)),National!$L$5,IF(OR(ISNUMBER(SEARCH("Reform",B13)),ISNUMBER(SEARCH("RefUK",B13))),National!$L$6,IF(ISNUMBER(SEARCH("Green",B13)),National!$L$7,IF(OR(ISNUMBER(SEARCH("Liberal Democrat",B13)),ISNUMBER(SEARCH("Lib Dem",B13))),National!$L$8,National!$L$9))))) -> 1023.625 | G13: =F13*100/$B$1 -> 9.7804796
A14: Christopher Charles Moore | B14: Liberal Democrats | C14: 337 | D14: =C14*100/SUM($C$7:$C$15) -> 4.3355204 | E14: =C14*100/$B$1 -> 3.2199503 | F14: =C14*IF(ISNUMBER(SEARCH("Labour",B14)),National!$L$4,IF(ISNUMBER(SEARCH("Conservative",B14)),National!$L$5,IF(OR(ISNUMBER(SEARCH("Reform",B14)),ISNUMBER(SEARCH("RefUK",B14))),National!$L$6,IF(ISNUMBER(SEARCH("Green",B14)),National!$L$7,IF(OR(ISNUMBER(SEARCH("Liberal Democrat",B14)),ISNUMBER(SEARCH("Lib Dem",B14))),National!$L$8,National!$L$9))))) -> 471.8 | G14: =F14*100/$B$1 -> 4.5079304
A15: Roger James Peacock | B15: Christian Peoples Alliance | C15: 158 | D15: =C15*100/SUM($C$7:$C$15) -> 2.0326772 | E15: =C15*100/$B$1 -> 1.5096503 | F15: =C15*IF(ISNUMBER(SEARCH("Labour",B15)),National!$L$4,IF(ISNUMBER(SEARCH("Conservative",B15)),National!$L$5,IF(OR(ISNUMBER(SEARCH("Reform",B15)),ISNUMBER(SEARCH("RefUK",B15))),National!$L$6,IF(ISNUMBER(SEARCH("Green",B15)),National!$L$7,IF(OR(ISNUMBER(SEARCH("Liberal Democrat",B15)),ISNUMBER(SEARCH("Lib Dem",B15))),National!$L$8,National!$L$9))))) -> 180.57143 | G15: =F15*100/$B$1 -> 1.7253146

Sheet Rainham South West
A1: Electorate (registered electors) | B1: 7309
A2: Councillors elected in ward | B2: 2
A3: Turnout | B3: 0.3222
A4: Blank / invalid ballots (rejected) | B4: 12
F5: prediction based in national swing since May 2023
A6: Candidate | B6: Party | C6: Votes | D6: % of votes | E6: % of electors | F6: votes | G6: % of electorate
A7: Christopher David Brown | B7: Labour Party | C7: 750 | D7: =C7*100/SUM($C$7:$C$14) -> 17.107664 | E7: =C7*100/$B$1 -> 10.261322 | F7: =C7*IF(ISNUMBER(SEARCH("Labour",B7)),National!$L$4,IF(ISNUMBER(SEARCH("Conservative",B7)),National!$L$5,IF(OR(ISNUMBER(SEARCH("Reform",B7)),ISNUMBER(SEARCH("RefUK",B7))),National!$L$6,IF(ISNUMBER(SEARCH("Green",B7)),National!$L$7,IF(OR(ISNUMBER(SEARCH("Liberal Democrat",B7)),ISNUMBER(SEARCH("Lib Dem",B7))),National!$L$8,National!$L$9))))) -> 296.51163 | G7: =F7*100/$B$1 -> 4.0568016
A8: Alpa Arya Shah | B8: Labour Party | C8: 498 | D8: =C8*100/SUM($C$7:$C$14) -> 11.359489 | E8: =C8*100/$B$1 -> 6.8135176 | F8: =C8*IF(ISNUMBER(SEARCH("Labour",B8)),National!$L$4,IF(ISNUMBER(SEARCH("Conservative",B8)),National!$L$5,IF(OR(ISNUMBER(SEARCH("Reform",B8)),ISNUMBER(SEARCH("RefUK",B8))),National!$L$6,IF(ISNUMBER(SEARCH("Green",B8)),National!$L$7,IF(OR(ISNUMBER(SEARCH("Liberal Democrat",B8)),ISNUMBER(SEARCH("Lib Dem",B8))),National!$L$8,National!$L$9))))) -> 196.88372 | G8: =F8*100/$B$1 -> 2.6937163
A9: Barry Joseph Kemp | B9: Conservative Party candidate | C9: 1177 | D9: =C9*100/SUM($C$7:$C$14) -> 26.847628 | E9: =C9*100/$B$1 -> 16.103434 | F9: =C9*IF(ISNUMBER(SEARCH("Labour",B9)),National!$L$4,IF(ISNUMBER(SEARCH("Conservative",B9)),National!$L$5,IF(OR(ISNUMBER(SEARCH("Reform",B9)),ISNUMBER(SEARCH("RefUK",B9))),National!$L$6,IF(ISNUMBER(SEARCH("Green",B9)),National!$L$7,IF(OR(ISNUMBER(SEARCH("Liberal Democrat",B9)),ISNUMBER(SEARCH("Lib Dem",B9))),National!$L$8,National!$L$9))))) -> 769.57692 | G9: =F9*100/$B$1 -> 10.529168
A10: Mark Paul Joy | B10: Conservative Party candidate | C10: 1027 | D10: =C10*100/SUM($C$7:$C$14) -> 23.426095 | E10: =C10*100/$B$1 -> 14.05117 | F10: =C10*IF(ISNUMBER(SEARCH("Labour",B10)),National!$L$4,IF(ISNUMBER(SEARCH("Conservative",B10)),National!$L$5,IF(OR(ISNUMBER(SEARCH("Reform",B10)),ISNUMBER(SEARCH("RefUK",B10))),National!$L$6,IF(ISNUMBER(SEARCH("Green",B10)),National!$L$7,IF(OR(ISNUMBER(SEARCH("Liberal Democrat",B10)),ISNUMBER(SEARCH("Lib Dem",B10))),National!$L$8,National!$L$9))))) -> 671.5 | G10: =F10*100/$B$1 -> 9.1873033
A11: Liz O'Hanlon (Elizabeth Lindsey O'Hanlon; commonly known as Liz O'Hanlon) | B11: Green Party | C11: 341 | D11: =C11*100/SUM($C$7:$C$14) -> 7.7782847 | E11: =C11*100/$B$1 -> 4.6654809 | F11: =C11*IF(ISNUMBER(SEARCH("Labour",B11)),National!$L$4,IF(ISNUMBER(SEARCH("Conservative",B11)),National!$L$5,IF(OR(ISNUMBER(SEARCH("Reform",B11)),ISNUMBER(SEARCH("RefUK",B11))),National!$L$6,IF(ISNUMBER(SEARCH("Green",B11)),National!$L$7,IF(OR(ISNUMBER(SEARCH("Liberal Democrat",B11)),ISNUMBER(SEARCH("Lib Dem",B11))),National!$L$8,National!$L$9))))) -> 809.875 | G11: =F11*100/$B$1 -> 11.080517
A12: Alan John Jefferies | B12: Liberal Democrats | C12: 269 | D12: =C12*100/SUM($C$7:$C$14) -> 6.1359489 | E12: =C12*100/$B$1 -> 3.680394 | F12: =C12*IF(ISNUMBER(SEARCH("Labour",B12)),National!$L$4,IF(ISNUMBER(SEARCH("Conservative",B12)),National!$L$5,IF(OR(ISNUMBER(SEARCH("Reform",B12)),ISNUMBER(SEARCH("RefUK",B12))),National!$L$6,IF(ISNUMBER(SEARCH("Green",B12)),National!$L$7,IF(OR(ISNUMBER(SEARCH("Liberal Democrat",B12)),ISNUMBER(SEARCH("Lib Dem",B12))),National!$L$8,National!$L$9))))) -> 376.6 | G12: =F12*100/$B$1 -> 5.1525516
A13: Matt Durcan (Matthew Bernard Durcan; commonly known as Matt Durcan) | B13: Independent | C13: 226 | D13: =C13*100/SUM($C$7:$C$14) -> 5.1551095 | E13: =C13*100/$B$1 -> 3.0920783 | F13: =C13*IF(ISNUMBER(SEARCH("Labour",B13)),National!$L$4,IF(ISNUMBER(SEARCH("Conservative",B13)),National!$L$5,IF(OR(ISNUMBER(SEARCH("Reform",B13)),ISNUMBER(SEARCH("RefUK",B13))),National!$L$6,IF(ISNUMBER(SEARCH("Green",B13)),National!$L$7,IF(OR(ISNUMBER(SEARCH("Liberal Democrat",B13)),ISNUMBER(SEARCH("Lib Dem",B13))),National!$L$8,National!$L$9))))) -> 258.28571 | G13: =F13*100/$B$1 -> 3.5338037
A14: Callum John Evans | B14: Independent | C14: 96 | D14: =C14*100/SUM($C$7:$C$14) -> 2.189781 | E14: =C14*100/$B$1 -> 1.3134492 | F14: =C14*IF(ISNUMBER(SEARCH("Labour",B14)),National!$L$4,IF(ISNUMBER(SEARCH("Conservative",B14)),National!$L$5,IF(OR(ISNUMBER(SEARCH("Reform",B14)),ISNUMBER(SEARCH("RefUK",B14))),National!$L$6,IF(ISNUMBER(SEARCH("Green",B14)),National!$L$7,IF(OR(ISNUMBER(SEARCH("Liberal Democrat",B14)),ISNUMBER(SEARCH("Lib Dem",B14))),National!$L$8,National!$L$9))))) -> 109.71429 | G14: =F14*100/$B$1 -> 1.5010848

Sheet Rochester East & Warren Wood
A1: Electorate (registered electors) | B1: 9363
A2: Councillors elected in ward | B2: 3
A3: Turnout | B3: 0.2815
A4: Blank / invalid ballots (rejected) | B4: 6
F5: prediction based in national swing since May 2023
A6: Candidate | B6: Party | C6: Votes | D6: % of votes | E6: % of electors | F6: votes | G6: % of electorate
A7: Teresa Margaret Murray | B7: Labour and Co-operative Party | C7: 1658 | D7: =C7*100/SUM($C$7:$C$14) -> 22.706108 | E7: =C7*100/$B$1 -> 17.708 | F7: =C7*IF(ISNUMBER(SEARCH("Labour",B7)),National!$L$4,IF(ISNUMBER(SEARCH("Conservative",B7)),National!$L$5,IF(OR(ISNUMBER(SEARCH("Reform",B7)),ISNUMBER(SEARCH("RefUK",B7))),National!$L$6,IF(ISNUMBER(SEARCH("Green",B7)),National!$L$7,IF(OR(ISNUMBER(SEARCH("Liberal Democrat",B7)),ISNUMBER(SEARCH("Lib Dem",B7))),National!$L$8,National!$L$9))))) -> 655.48837 | G7: =F7*100/$B$1 -> 7.000837
A8: Lauren Rae Edwards | B8: Labour and Co-operative Party | C8: 1517 | D8: =C8*100/SUM($C$7:$C$14) -> 20.77513 | E8: =C8*100/$B$1 -> 16.202072 | F8: =C8*IF(ISNUMBER(SEARCH("Labour",B8)),National!$L$4,IF(ISNUMBER(SEARCH("Conservative",B8)),National!$L$5,IF(OR(ISNUMBER(SEARCH("Reform",B8)),ISNUMBER(SEARCH("RefUK",B8))),National!$L$6,IF(ISNUMBER(SEARCH("Green",B8)),National!$L$7,IF(OR(ISNUMBER(SEARCH("Liberal Democrat",B8)),ISNUMBER(SEARCH("Lib Dem",B8))),National!$L$8,National!$L$9))))) -> 599.74419 | G8: =F8*100/$B$1 -> 6.4054703
A9: Tristan John Osborne | B9: Labour and Co-operative Party | C9: 1347 | D9: =C9*100/SUM($C$7:$C$14) -> 18.447001 | E9: =C9*100/$B$1 -> 14.386415 | F9: =C9*IF(ISNUMBER(SEARCH("Labour",B9)),National!$L$4,IF(ISNUMBER(SEARCH("Conservative",B9)),National!$L$5,IF(OR(ISNUMBER(SEARCH("Reform",B9)),ISNUMBER(SEARCH("RefUK",B9))),National!$L$6,IF(ISNUMBER(SEARCH("Green",B9)),National!$L$7,IF(OR(ISNUMBER(SEARCH("Liberal Democrat",B9)),ISNUMBER(SEARCH("Lib Dem",B9))),National!$L$8,National!$L$9))))) -> 532.53488 | G9: =F9*100/$B$1 -> 5.6876523
A10: George Harvey Samuel Clarke | B10: Local Conservatives | C10: 784 | D10: =C10*100/SUM($C$7:$C$14) -> 10.736784 | E10: =C10*100/$B$1 -> 8.3733846 | F10: =C10*IF(ISNUMBER(SEARCH("Labour",B10)),National!$L$4,IF(ISNUMBER(SEARCH("Conservative",B10)),National!$L$5,IF(OR(ISNUMBER(SEARCH("Reform",B10)),ISNUMBER(SEARCH("RefUK",B10))),National!$L$6,IF(ISNUMBER(SEARCH("Green",B10)),National!$L$7,IF(OR(ISNUMBER(SEARCH("Liberal Democrat",B10)),ISNUMBER(SEARCH("Lib Dem",B10))),National!$L$8,National!$L$9))))) -> 512.61538 | G10: =F10*100/$B$1 -> 5.4749053
A11: Sylvia Mary Griffin | B11: Local Conservatives | C11: 755 | D11: =C11*100/SUM($C$7:$C$14) -> 10.339633 | E11: =C11*100/$B$1 -> 8.0636548 | F11: =C11*IF(ISNUMBER(SEARCH("Labour",B11)),National!$L$4,IF(ISNUMBER(SEARCH("Conservative",B11)),National!$L$5,IF(OR(ISNUMBER(SEARCH("Reform",B11)),ISNUMBER(SEARCH("RefUK",B11))),National!$L$6,IF(ISNUMBER(SEARCH("Green",B11)),National!$L$7,IF(OR(ISNUMBER(SEARCH("Liberal Democrat",B11)),ISNUMBER(SEARCH("Lib Dem",B11))),National!$L$8,National!$L$9))))) -> 493.65385 | G11: =F11*100/$B$1 -> 5.2723897
A12: Tolga Sirlan | B12: Local Conservatives | C12: 665 | D12: =C12*100/SUM($C$7:$C$14) -> 9.1070939 | E12: =C12*100/$B$1 -> 7.1024244 | F12: =C12*IF(ISNUMBER(SEARCH("Labour",B12)),National!$L$4,IF(ISNUMBER(SEARCH("Conservative",B12)),National!$L$5,IF(OR(ISNUMBER(SEARCH("Reform",B12)),ISNUMBER(SEARCH("RefUK",B12))),National!$L$6,IF(ISNUMBER(SEARCH("Green",B12)),National!$L$7,IF(OR(ISNUMBER(SEARCH("Liberal Democrat",B12)),ISNUMBER(SEARCH("Lib Dem",B12))),National!$L$8,National!$L$9))))) -> 434.80769 | G12: =F12*100/$B$1 -> 4.6438929
A13: Marilyn Stone | B13: Green Party | C13: 370 | D13: =C13*100/SUM($C$7:$C$14) -> 5.0671049 | E13: =C13*100/$B$1 -> 3.9517249 | F13: =C13*IF(ISNUMBER(SEARCH("Labour",B13)),National!$L$4,IF(ISNUMBER(SEARCH("Conservative",B13)),National!$L$5,IF(OR(ISNUMBER(SEARCH("Reform",B13)),ISNUMBER(SEARCH("RefUK",B13))),National!$L$6,IF(ISNUMBER(SEARCH("Green",B13)),National!$L$7,IF(OR(ISNUMBER(SEARCH("Liberal Democrat",B13)),ISNUMBER(SEARCH("Lib Dem",B13))),National!$L$8,National!$L$9))))) -> 878.75 | G13: =F13*100/$B$1 -> 9.3853466
A14: Sarah Louise Manuel | B14: Liberal Democrats | C14: 206 | D14: =C14*100/SUM($C$7:$C$14) -> 2.8211449 | E14: =C14*100/$B$1 -> 2.2001495 | F14: =C14*IF(ISNUMBER(SEARCH("Labour",B14)),National!$L$4,IF(ISNUMBER(SEARCH("Conservative",B14)),National!$L$5,IF(OR(ISNUMBER(SEARCH("Reform",B14)),ISNUMBER(SEARCH("RefUK",B14))),National!$L$6,IF(ISNUMBER(SEARCH("Green",B14)),National!$L$7,IF(OR(ISNUMBER(SEARCH("Liberal Democrat",B14)),ISNUMBER(SEARCH("Lib Dem",B14))),National!$L$8,National!$L$9))))) -> 288.4 | G14: =F14*100/$B$1 -> 3.0802093

Sheet Rochester West & Borstal
A1: Electorate (registered electors) | B1: 8651
A2: Councillors elected in ward | B2: 3
A3: Turnout | B3: 0.389
A4: Blank / invalid ballots (rejected) | B4: 47
F5: prediction based in national swing since May 2023
A6: Candidate | B6: Party | C6: Votes | D6: % of votes | E6: % of electors | F6: votes | G6: % of electorate
A7: Alex Paterson (Alexander John Paterson; commonly known as Alex Paterson) | B7: Labour and Co-operative Party | C7: 1807 | D7: =C7*100/SUM($C$7:$C$14) -> 19.293188 | E7: =C7*100/$B$1 -> 20.887759 | F7: =C7*IF(ISNUMBER(SEARCH("Labour",B7)),National!$L$4,IF(ISNUMBER(SEARCH("Conservative",B7)),National!$L$5,IF(OR(ISNUMBER(SEARCH("Reform",B7)),ISNUMBER(SEARCH("RefUK",B7))),National!$L$6,IF(ISNUMBER(SEARCH("Green",B7)),National!$L$7,IF(OR(ISNUMBER(SEARCH("Liberal Democrat",B7)),ISNUMBER(SEARCH("Lib Dem",B7))),National!$L$8,National!$L$9))))) -> 714.39535 | G7: =F7*100/$B$1 -> 8.2579511
A8: Linda Jill Bowen | B8: Labour and Co-operative Party | C8: 1670 | D8: =C8*100/SUM($C$7:$C$14) -> 17.830451 | E8: =C8*100/$B$1 -> 19.304127 | F8: =C8*IF(ISNUMBER(SEARCH("Labour",B8)),National!$L$4,IF(ISNUMBER(SEARCH("Conservative",B8)),National!$L$5,IF(OR(ISNUMBER(SEARCH("Reform",B8)),ISNUMBER(SEARCH("RefUK",B8))),National!$L$6,IF(ISNUMBER(SEARCH("Green",B8)),National!$L$7,IF(OR(ISNUMBER(SEARCH("Liberal Democrat",B8)),ISNUMBER(SEARCH("Lib Dem",B8))),National!$L$8,National!$L$9))))) -> 660.23256 | G8: =F8*100/$B$1 -> 7.631864
A9: Paula Wilhelmina Hamilton | B9: Labour and Co-operative Party | C9: 1624 | D9: =C9*100/SUM($C$7:$C$14) -> 17.339312 | E9: =C9*100/$B$1 -> 18.772396 | F9: =C9*IF(ISNUMBER(SEARCH("Labour",B9)),National!$L$4,IF(ISNUMBER(SEARCH("Conservative",B9)),National!$L$5,IF(OR(ISNUMBER(SEARCH("Reform",B9)),ISNUMBER(SEARCH("RefUK",B9))),National!$L$6,IF(ISNUMBER(SEARCH("Green",B9)),National!$L$7,IF(OR(ISNUMBER(SEARCH("Liberal Democrat",B9)),ISNUMBER(SEARCH("Lib Dem",B9))),National!$L$8,National!$L$9))))) -> 642.04651 | G9: =F9*100/$B$1 -> 7.421645
A10: Stuart Albert Tranter | B10: Local Conservatives | C10: 1336 | D10: =C10*100/SUM($C$7:$C$14) -> 14.26436 | E10: =C10*100/$B$1 -> 15.443301 | F10: =C10*IF(ISNUMBER(SEARCH("Labour",B10)),National!$L$4,IF(ISNUMBER(SEARCH("Conservative",B10)),National!$L$5,IF(OR(ISNUMBER(SEARCH("Reform",B10)),ISNUMBER(SEARCH("RefUK",B10))),National!$L$6,IF(ISNUMBER(SEARCH("Green",B10)),National!$L$7,IF(OR(ISNUMBER(SEARCH("Liberal Democrat",B10)),ISNUMBER(SEARCH("Lib Dem",B10))),National!$L$8,National!$L$9))))) -> 873.53846 | G10: =F10*100/$B$1 -> 10.097543
A11: Faith Rivers (Faith Ohaeri; also known as Rivers; commonly known as Faith Rivers) | B11: Local Conservatives | C11: 1080 | D11: =C11*100/SUM($C$7:$C$14) -> 11.53107 | E11: =C11*100/$B$1 -> 12.484106 | F11: =C11*IF(ISNUMBER(SEARCH("Labour",B11)),National!$L$4,IF(ISNUMBER(SEARCH("Conservative",B11)),National!$L$5,IF(OR(ISNUMBER(SEARCH("Reform",B11)),ISNUMBER(SEARCH("RefUK",B11))),National!$L$6,IF(ISNUMBER(SEARCH("Green",B11)),National!$L$7,IF(OR(ISNUMBER(SEARCH("Liberal Democrat",B11)),ISNUMBER(SEARCH("Lib Dem",B11))),National!$L$8,National!$L$9))))) -> 706.15385 | G11: =F11*100/$B$1 -> 8.1626846
A12: Tim Joiner (Timothy Martin Joiner; commonly known as Tim Joiner) | B12: Local Conservatives | C12: 1010 | D12: =C12*100/SUM($C$7:$C$14) -> 10.783686 | E12: =C12*100/$B$1 -> 11.674951 | F12: =C12*IF(ISNUMBER(SEARCH("Labour",B12)),National!$L$4,IF(ISNUMBER(SEARCH("Conservative",B12)),National!$L$5,IF(OR(ISNUMBER(SEARCH("Reform",B12)),ISNUMBER(SEARCH("RefUK",B12))),National!$L$6,IF(ISNUMBER(SEARCH("Green",B12)),National!$L$7,IF(OR(ISNUMBER(SEARCH("Liberal Democrat",B12)),ISNUMBER(SEARCH("Lib Dem",B12))),National!$L$8,National!$L$9))))) -> 660.38462 | G12: =F12*100/$B$1 -> 7.6336217
A13: Stuart Samuel Worsley | B13: Green Party | C13: 536 | D13: =C13*100/SUM($C$7:$C$14) -> 5.7228272 | E13: =C13*100/$B$1 -> 6.1958155 | F13: =C13*IF(ISNUMBER(SEARCH("Labour",B13)),National!$L$4,IF(ISNUMBER(SEARCH("Conservative",B13)),National!$L$5,IF(OR(ISNUMBER(SEARCH("Reform",B13)),ISNUMBER(SEARCH("RefUK",B13))),National!$L$6,IF(ISNUMBER(SEARCH("Green",B13)),National!$L$7,IF(OR(ISNUMBER(SEARCH("Liberal Democrat",B13)),ISNUMBER(SEARCH("Lib Dem",B13))),National!$L$8,National!$L$9))))) -> 1273 | G13: =F13*100/$B$1 -> 14.715062
A14: Anita Jane Holloway | B14: Liberal Democrats | C14: 303 | D14: =C14*100/SUM($C$7:$C$14) -> 3.2351057 | E14: =C14*100/$B$1 -> 3.5024853 | F14: =C14*IF(ISNUMBER(SEARCH("Labour",B14)),National!$L$4,IF(ISNUMBER(SEARCH("Conservative",B14)),National!$L$5,IF(OR(ISNUMBER(SEARCH("Reform",B14)),ISNUMBER(SEARCH("RefUK",B14))),National!$L$6,IF(ISNUMBER(SEARCH("Green",B14)),National!$L$7,IF(OR(ISNUMBER(SEARCH("Liberal Democrat",B14)),ISNUMBER(SEARCH("Lib Dem",B14))),National!$L$8,National!$L$9))))) -> 424.2 | G14: =F14*100/$B$1 -> 4.9034794

Sheet St Mary's Island
A1: Electorate (registered electors) | B1: 3284
A2: Councillors elected in ward | B2: 1
A3: Turnout | B3: 0.3276
A4: Blank / invalid ballots (rejected) | B4: 3
F5: prediction based in national swing since May 2023
A6: Candidate | B6: Party | C6: Votes | D6: % of votes | E6: % of electors | F6: votes | G6: % of electorate
A7: David Christopher Graham Hodges | B7: Labour Party | C7: 224 | D7: =C7*100/SUM($C$7:$C$10) -> 20.876048 | E7: =C7*100/$B$1 -> 6.8209501 | F7: =C7*IF(ISNUMBER(SEARCH("Labour",B7)),National!$L$4,IF(ISNUMBER(SEARCH("Conservative",B7)),National!$L$5,IF(OR(ISNUMBER(SEARCH("Reform",B7)),ISNUMBER(SEARCH("RefUK",B7))),National!$L$6,IF(ISNUMBER(SEARCH("Green",B7)),National!$L$7,IF(OR(ISNUMBER(SEARCH("Liberal Democrat",B7)),ISNUMBER(SEARCH("Lib Dem",B7))),National!$L$8,National!$L$9))))) -> 88.55814 | G7: =F7*100/$B$1 -> 2.6966547
A8: Habib Odunlamin Sulaiman Tejan | B8: Local Conservatives | C8: 479 | D8: =C8*100/SUM($C$7:$C$10) -> 44.641193 | E8: =C8*100/$B$1 -> 14.585871 | F8: =C8*IF(ISNUMBER(SEARCH("Labour",B8)),National!$L$4,IF(ISNUMBER(SEARCH("Conservative",B8)),National!$L$5,IF(OR(ISNUMBER(SEARCH("Reform",B8)),ISNUMBER(SEARCH("RefUK",B8))),National!$L$6,IF(ISNUMBER(SEARCH("Green",B8)),National!$L$7,IF(OR(ISNUMBER(SEARCH("Liberal Democrat",B8)),ISNUMBER(SEARCH("Lib Dem",B8))),National!$L$8,National!$L$9))))) -> 313.19231 | G8: =F8*100/$B$1 -> 9.5369156
A9: Caroline Mary Bowes | B9: Green Party | C9: 47 | D9: =C9*100/SUM($C$7:$C$10) -> 4.3802423 | E9: =C9*100/$B$1 -> 1.4311815 | F9: =C9*IF(ISNUMBER(SEARCH("Labour",B9)),National!$L$4,IF(ISNUMBER(SEARCH("Conservative",B9)),National!$L$5,IF(OR(ISNUMBER(SEARCH("Reform",B9)),ISNUMBER(SEARCH("RefUK",B9))),National!$L$6,IF(ISNUMBER(SEARCH("Green",B9)),National!$L$7,IF(OR(ISNUMBER(SEARCH("Liberal Democrat",B9)),ISNUMBER(SEARCH("Lib Dem",B9))),National!$L$8,National!$L$9))))) -> 111.625 | G9: =F9*100/$B$1 -> 3.399056
A10: John Edward Castle | B10: Liberal Democrats | C10: 323 | D10: =C10*100/SUM($C$7:$C$10) -> 30.102516 | E10: =C10*100/$B$1 -> 9.8355664 | F10: =C10*IF(ISNUMBER(SEARCH("Labour",B10)),National!$L$4,IF(ISNUMBER(SEARCH("Conservative",B10)),National!$L$5,IF(OR(ISNUMBER(SEARCH("Reform",B10)),ISNUMBER(SEARCH("RefUK",B10))),National!$L$6,IF(ISNUMBER(SEARCH("Green",B10)),National!$L$7,IF(OR(ISNUMBER(SEARCH("Liberal Democrat",B10)),ISNUMBER(SEARCH("Lib Dem",B10))),National!$L$8,National!$L$9))))) -> 452.2 | G10: =F10*100/$B$1 -> 13.769793

Sheet Strood N & Frindsbury
A1: Electorate (registered electors) | B1: 10418
A2: Councillors elected in ward | B2: 3
A3: Turnout | B3: 0.319
A4: Blank / invalid ballots (rejected) | B4: 16
F5: prediction based in national swing since May 2023
A6: Candidate | B6: Party | C6: Votes | D6: % of votes | E6: % of electors | F6: votes | G6: % of electorate
A7: Zoe Angela Van Dyke | B7: Labour and Co-operative Party | C7: 1774 | D7: =C7*100/SUM($C$7:$C$15) -> 18.836271 | E7: =C7*100/$B$1 -> 17.02822 | F7: =C7*IF(ISNUMBER(SEARCH("Labour",B7)),National!$L$4,IF(ISNUMBER(SEARCH("Conservative",B7)),National!$L$5,IF(OR(ISNUMBER(SEARCH("Reform",B7)),ISNUMBER(SEARCH("RefUK",B7))),National!$L$6,IF(ISNUMBER(SEARCH("Green",B7)),National!$L$7,IF(OR(ISNUMBER(SEARCH("Liberal Democrat",B7)),ISNUMBER(SEARCH("Lib Dem",B7))),National!$L$8,National!$L$9))))) -> 701.34884 | G7: =F7*100/$B$1 -> 6.7320871
A8: Stephen Alan Hubbard | B8: Labour and Co-operative Party | C8: 1758 | D8: =C8*100/SUM($C$7:$C$15) -> 18.666384 | E8: =C8*100/$B$1 -> 16.87464 | F8: =C8*IF(ISNUMBER(SEARCH("Labour",B8)),National!$L$4,IF(ISNUMBER(SEARCH("Conservative",B8)),National!$L$5,IF(OR(ISNUMBER(SEARCH("Reform",B8)),ISNUMBER(SEARCH("RefUK",B8))),National!$L$6,IF(ISNUMBER(SEARCH("Green",B8)),National!$L$7,IF(OR(ISNUMBER(SEARCH("Liberal Democrat",B8)),ISNUMBER(SEARCH("Lib Dem",B8))),National!$L$8,National!$L$9))))) -> 695.02326 | G8: =F8*100/$B$1 -> 6.6713693
A9: David Peter Field | B9: Labour and Co-operative Party | C9: 1682 | D9: =C9*100/SUM($C$7:$C$15) -> 17.859418 | E9: =C9*100/$B$1 -> 16.145133 | F9: =C9*IF(ISNUMBER(SEARCH("Labour",B9)),National!$L$4,IF(ISNUMBER(SEARCH("Conservative",B9)),National!$L$5,IF(OR(ISNUMBER(SEARCH("Reform",B9)),ISNUMBER(SEARCH("RefUK",B9))),National!$L$6,IF(ISNUMBER(SEARCH("Green",B9)),National!$L$7,IF(OR(ISNUMBER(SEARCH("Liberal Democrat",B9)),ISNUMBER(SEARCH("Lib Dem",B9))),National!$L$8,National!$L$9))))) -> 664.97674 | G9: =F9*100/$B$1 -> 6.3829597
A10: Gareth Wilf Batts | B10: Local Conservatives | C10: 1202 | D10: =C10*100/SUM($C$7:$C$15) -> 12.762795 | E10: =C10*100/$B$1 -> 11.537723 | F10: =C10*IF(ISNUMBER(SEARCH("Labour",B10)),National!$L$4,IF(ISNUMBER(SEARCH("Conservative",B10)),National!$L$5,IF(OR(ISNUMBER(SEARCH("Reform",B10)),ISNUMBER(SEARCH("RefUK",B10))),National!$L$6,IF(ISNUMBER(SEARCH("Green",B10)),National!$L$7,IF(OR(ISNUMBER(SEARCH("Liberal Democrat",B10)),ISNUMBER(SEARCH("Lib Dem",B10))),National!$L$8,National!$L$9))))) -> 785.92308 | G10: =F10*100/$B$1 -> 7.5438959
A11: Craig Thomas Liddell | B11: Local Conservatives | C11: 1078 | D11: =C11*100/SUM($C$7:$C$15) -> 11.446167 | E11: =C11*100/$B$1 -> 10.347476 | F11: =C11*IF(ISNUMBER(SEARCH("Labour",B11)),National!$L$4,IF(ISNUMBER(SEARCH("Conservative",B11)),National!$L$5,IF(OR(ISNUMBER(SEARCH("Reform",B11)),ISNUMBER(SEARCH("RefUK",B11))),National!$L$6,IF(ISNUMBER(SEARCH("Green",B11)),National!$L$7,IF(OR(ISNUMBER(SEARCH("Liberal Democrat",B11)),ISNUMBER(SEARCH("Lib Dem",B11))),National!$L$8,National!$L$9))))) -> 704.84615 | G11: =F11*100/$B$1 -> 6.7656571
A12: Akin Edun (Akinola Obafemi Edun; commonly known as Akin Edun) | B12: Local Conservatives | C12: 1069 | D12: =C12*100/SUM($C$7:$C$15) -> 11.350605 | E12: =C12*100/$B$1 -> 10.261087 | F12: =C12*IF(ISNUMBER(SEARCH("Labour",B12)),National!$L$4,IF(ISNUMBER(SEARCH("Conservative",B12)),National!$L$5,IF(OR(ISNUMBER(SEARCH("Reform",B12)),ISNUMBER(SEARCH("RefUK",B12))),National!$L$6,IF(ISNUMBER(SEARCH("Green",B12)),National!$L$7,IF(OR(ISNUMBER(SEARCH("Liberal Democrat",B12)),ISNUMBER(SEARCH("Lib Dem",B12))),National!$L$8,National!$L$9))))) -> 698.96154 | G12: =F12*100/$B$1 -> 6.709172
A13: Stephen Andrew James Stephen | B13: Green Party | C13: 393 | D13: =C13*100/SUM($C$7:$C$15) -> 4.1728605 | E13: =C13*100/$B$1 -> 3.7723171 | F13: =C13*IF(ISNUMBER(SEARCH("Labour",B13)),National!$L$4,IF(ISNUMBER(SEARCH("Conservative",B13)),National!$L$5,IF(OR(ISNUMBER(SEARCH("Reform",B13)),ISNUMBER(SEARCH("RefUK",B13))),National!$L$6,IF(ISNUMBER(SEARCH("Green",B13)),National!$L$7,IF(OR(ISNUMBER(SEARCH("Liberal Democrat",B13)),ISNUMBER(SEARCH("Lib Dem",B13))),National!$L$8,National!$L$9))))) -> 933.375 | G13: =F13*100/$B$1 -> 8.9592532
A14: Alexander Charles Clark | B14: Liberal Democrats | C14: 245 | D14: =C14*100/SUM($C$7:$C$15) -> 2.6014016 | E14: =C14*100/$B$1 -> 2.351699 | F14: =C14*IF(ISNUMBER(SEARCH("Labour",B14)),National!$L$4,IF(ISNUMBER(SEARCH("Conservative",B14)),National!$L$5,IF(OR(ISNUMBER(SEARCH("Reform",B14)),ISNUMBER(SEARCH("RefUK",B14))),National!$L$6,IF(ISNUMBER(SEARCH("Green",B14)),National!$L$7,IF(OR(ISNUMBER(SEARCH("Liberal Democrat",B14)),ISNUMBER(SEARCH("Lib Dem",B14))),National!$L$8,National!$L$9))))) -> 343 | G14: =F14*100/$B$1 -> 3.2923786
A15: Peter Richard Ede Burch | B15: Heritage Party | C15: 217 | D15: =C15*100/SUM($C$7:$C$15) -> 2.3040985 | E15: =C15*100/$B$1 -> 2.0829334 | F15: =C15*IF(ISNUMBER(SEARCH("Labour",B15)),National!$L$4,IF(ISNUMBER(SEARCH("Conservative",B15)),National!$L$5,IF(OR(ISNUMBER(SEARCH("Reform",B15)),ISNUMBER(SEARCH("RefUK",B15))),National!$L$6,IF(ISNUMBER(SEARCH("Green",B15)),National!$L$7,IF(OR(ISNUMBER(SEARCH("Liberal Democrat",B15)),ISNUMBER(SEARCH("Lib Dem",B15))),National!$L$8,National!$L$9))))) -> 248 | G15: =F15*100/$B$1 -> 2.3804953

Sheet Strood Rural
A1: Electorate (registered electors) | B1: 10218
A2: Councillors elected in ward | B2: 3
A3: Turnout | B3: 0.2791
A4: Blank / invalid ballots (rejected) | B4: 51
F5: prediction based in national swing since May 2023
A6: Candidate | B6: Party | C6: Votes | D6: % of votes | E6: % of electors | F6: votes | G6: % of electorate
A7: Robert Elton Wyatt | B7: Labour Party | C7: 849 | D7: =C7*100/SUM($C$7:$C$16) -> 10.782322 | E7: =C7*100/$B$1 -> 8.3088667 | F7: =C7*IF(ISNUMBER(SEARCH("Labour",B7)),National!$L$4,IF(ISNUMBER(SEARCH("Conservative",B7)),National!$L$5,IF(OR(ISNUMBER(SEARCH("Reform",B7)),ISNUMBER(SEARCH("RefUK",B7))),National!$L$6,IF(ISNUMBER(SEARCH("Green",B7)),National!$L$7,IF(OR(ISNUMBER(SEARCH("Liberal Democrat",B7)),ISNUMBER(SEARCH("Lib Dem",B7))),National!$L$8,National!$L$9))))) -> 335.65116 | G7: =F7*100/$B$1 -> 3.2849008
A8: Elaine Orford Thomas | B8: Labour Party | C8: 786 | D8: =C8*100/SUM($C$7:$C$16) -> 9.98222 | E8: =C8*100/$B$1 -> 7.6923077 | F8: =C8*IF(ISNUMBER(SEARCH("Labour",B8)),National!$L$4,IF(ISNUMBER(SEARCH("Conservative",B8)),National!$L$5,IF(OR(ISNUMBER(SEARCH("Reform",B8)),ISNUMBER(SEARCH("RefUK",B8))),National!$L$6,IF(ISNUMBER(SEARCH("Green",B8)),National!$L$7,IF(OR(ISNUMBER(SEARCH("Liberal Democrat",B8)),ISNUMBER(SEARCH("Lib Dem",B8))),National!$L$8,National!$L$9))))) -> 310.74419 | G8: =F8*100/$B$1 -> 3.0411449
A9: Derek Munton | B9: Labour Party | C9: 742 | D9: =C9*100/SUM($C$7:$C$16) -> 9.4234188 | E9: =C9*100/$B$1 -> 7.261695 | F9: =C9*IF(ISNUMBER(SEARCH("Labour",B9)),National!$L$4,IF(ISNUMBER(SEARCH("Conservative",B9)),National!$L$5,IF(OR(ISNUMBER(SEARCH("Reform",B9)),ISNUMBER(SEARCH("RefUK",B9))),National!$L$6,IF(ISNUMBER(SEARCH("Green",B9)),National!$L$7,IF(OR(ISNUMBER(SEARCH("Liberal Democrat",B9)),ISNUMBER(SEARCH("Lib Dem",B9))),National!$L$8,National!$L$9))))) -> 293.34884 | G9: =F9*100/$B$1 -> 2.8709027
A10: John Williams | B10: Local Conservatives | C10: 1458 | D10: =C10*100/SUM($C$7:$C$16) -> 18.516637 | E10: =C10*100/$B$1 -> 14.268937 | F10: =C10*IF(ISNUMBER(SEARCH("Labour",B10)),National!$L$4,IF(ISNUMBER(SEARCH("Conservative",B10)),National!$L$5,IF(OR(ISNUMBER(SEARCH("Reform",B10)),ISNUMBER(SEARCH("RefUK",B10))),National!$L$6,IF(ISNUMBER(SEARCH("Green",B10)),National!$L$7,IF(OR(ISNUMBER(SEARCH("Liberal Democrat",B10)),ISNUMBER(SEARCH("Lib Dem",B10))),National!$L$8,National!$L$9))))) -> 953.30769 | G10: =F10*100/$B$1 -> 9.3296897
A11: Gary David James Etheridge | B11: Local Conservatives | C11: 1446 | D11: =C11*100/SUM($C$7:$C$16) -> 18.364237 | E11: =C11*100/$B$1 -> 14.151497 | F11: =C11*IF(ISNUMBER(SEARCH("Labour",B11)),National!$L$4,IF(ISNUMBER(SEARCH("Conservative",B11)),National!$L$5,IF(OR(ISNUMBER(SEARCH("Reform",B11)),ISNUMBER(SEARCH("RefUK",B11))),National!$L$6,IF(ISNUMBER(SEARCH("Green",B11)),National!$L$7,IF(OR(ISNUMBER(SEARCH("Liberal Democrat",B11)),ISNUMBER(SEARCH("Lib Dem",B11))),National!$L$8,National!$L$9))))) -> 945.46154 | G11: =F11*100/$B$1 -> 9.2529021
A12: Elizabeth Ann Turpin | B12: Local Conservatives | C12: 1409 | D12: =C12*100/SUM($C$7:$C$16) -> 17.894336 | E12: =C12*100/$B$1 -> 13.789391 | F12: =C12*IF(ISNUMBER(SEARCH("Labour",B12)),National!$L$4,IF(ISNUMBER(SEARCH("Conservative",B12)),National!$L$5,IF(OR(ISNUMBER(SEARCH("Reform",B12)),ISNUMBER(SEARCH("RefUK",B12))),National!$L$6,IF(ISNUMBER(SEARCH("Green",B12)),National!$L$7,IF(OR(ISNUMBER(SEARCH("Liberal Democrat",B12)),ISNUMBER(SEARCH("Lib Dem",B12))),National!$L$8,National!$L$9))))) -> 921.26923 | G12: =F12*100/$B$1 -> 9.0161404
A13: Neil James Atkinson | B13: Green Party | C13: 379 | D13: =C13*100/SUM($C$7:$C$16) -> 4.8133096 | E13: =C13*100/$B$1 -> 3.7091407 | F13: =C13*IF(ISNUMBER(SEARCH("Labour",B13)),National!$L$4,IF(ISNUMBER(SEARCH("Conservative",B13)),National!$L$5,IF(OR(ISNUMBER(SEARCH("Reform",B13)),ISNUMBER(SEARCH("RefUK",B13))),National!$L$6,IF(ISNUMBER(SEARCH("Green",B13)),National!$L$7,IF(OR(ISNUMBER(SEARCH("Liberal Democrat",B13)),ISNUMBER(SEARCH("Lib Dem",B13))),National!$L$8,National!$L$9))))) -> 900.125 | G13: =F13*100/$B$1 -> 8.8092092
A14: Joanna Elizabeth Clark | B14: Liberal Democrats | C14: 304 | D14: =C14*100/SUM($C$7:$C$16) -> 3.8608077 | E14: =C14*100/$B$1 -> 2.9751419 | F14: =C14*IF(ISNUMBER(SEARCH("Labour",B14)),National!$L$4,IF(ISNUMBER(SEARCH("Conservative",B14)),National!$L$5,IF(OR(ISNUMBER(SEARCH("Reform",B14)),ISNUMBER(SEARCH("RefUK",B14))),National!$L$6,IF(ISNUMBER(SEARCH("Green",B14)),National!$L$7,IF(OR(ISNUMBER(SEARCH("Liberal Democrat",B14)),ISNUMBER(SEARCH("Lib Dem",B14))),National!$L$8,National!$L$9))))) -> 425.6 | G14: =F14*100/$B$1 -> 4.1651987
A15: Andrew Lawrence Millsom | B15: Liberal Democrats | C15: 282 | D15: =C15*100/SUM($C$7:$C$16) -> 3.5814072 | E15: =C15*100/$B$1 -> 2.7598356 | F15: =C15*IF(ISNUMBER(SEARCH("Labour",B15)),National!$L$4,IF(ISNUMBER(SEARCH("Conservative",B15)),National!$L$5,IF(OR(ISNUMBER(SEARCH("Reform",B15)),ISNUMBER(SEARCH("RefUK",B15))),National!$L$6,IF(ISNUMBER(SEARCH("Green",B15)),National!$L$7,IF(OR(ISNUMBER(SEARCH("Liberal Democrat",B15)),ISNUMBER(SEARCH("Lib Dem",B15))),National!$L$8,National!$L$9))))) -> 394.8 | G15: =F15*100/$B$1 -> 3.8637698
A16: Alan Edward Wells | B16: Liberal Democrats | C16: 219 | D16: =C16*100/SUM($C$7:$C$16) -> 2.7813056 | E16: =C16*100/$B$1 -> 2.1432766 | F16: =C16*IF(ISNUMBER(SEARCH("Labour",B16)),National!$L$4,IF(ISNUMBER(SEARCH("Conservative",B16)),National!$L$5,IF(OR(ISNUMBER(SEARCH("Reform",B16)),ISNUMBER(SEARCH("RefUK",B16))),National!$L$6,IF(ISNUMBER(SEARCH("Green",B16)),National!$L$7,IF(OR(ISNUMBER(SEARCH("Liberal Democrat",B16)),ISNUMBER(SEARCH("Lib Dem",B16))),National!$L$8,National!$L$9))))) -> 306.6 | G16: =F16*100/$B$1 -> 3.0005872

Sheet Strood West
A1: Electorate (registered electors) | B1: 10150
A2: Councillors elected in ward | B2: 3
A3: Turnout | B3: 0.2617
A4: Blank / invalid ballots (rejected) | B4: 27
F5: prediction based in national swing since May 2023
A6: Candidate | B6: Party | C6: Votes | D6: % of votes | E6: % of electors | F6: votes | G6: % of electorate
A7: Sharon Leigh Jackson | B7: Labour and Co-operative Party | C7: 1338 | D7: =C7*100/SUM($C$7:$C$15) -> 18.144833 | E7: =C7*100/$B$1 -> 13.182266 | F7: =C7*IF(ISNUMBER(SEARCH("Labour",B7)),National!$L$4,IF(ISNUMBER(SEARCH("Conservative",B7)),National!$L$5,IF(OR(ISNUMBER(SEARCH("Reform",B7)),ISNUMBER(SEARCH("RefUK",B7))),National!$L$6,IF(ISNUMBER(SEARCH("Green",B7)),National!$L$7,IF(OR(ISNUMBER(SEARCH("Liberal Democrat",B7)),ISNUMBER(SEARCH("Lib Dem",B7))),National!$L$8,National!$L$9))))) -> 528.97674 | G7: =F7*100/$B$1 -> 5.2115935
A8: Mark William Jones | B8: Labour and Co-operative Party | C8: 1291 | D8: =C8*100/SUM($C$7:$C$15) -> 17.507459 | E8: =C8*100/$B$1 -> 12.719212 | F8: =C8*IF(ISNUMBER(SEARCH("Labour",B8)),National!$L$4,IF(ISNUMBER(SEARCH("Conservative",B8)),National!$L$5,IF(OR(ISNUMBER(SEARCH("Reform",B8)),ISNUMBER(SEARCH("RefUK",B8))),National!$L$6,IF(ISNUMBER(SEARCH("Green",B8)),National!$L$7,IF(OR(ISNUMBER(SEARCH("Liberal Democrat",B8)),ISNUMBER(SEARCH("Lib Dem",B8))),National!$L$8,National!$L$9))))) -> 510.39535 | G8: =F8*100/$B$1 -> 5.0285256
A9: Satinder Singh Shokar | B9: Labour and Co-operative Party | C9: 1236 | D9: =C9*100/SUM($C$7:$C$15) -> 16.761595 | E9: =C9*100/$B$1 -> 12.17734 | F9: =C9*IF(ISNUMBER(SEARCH("Labour",B9)),National!$L$4,IF(ISNUMBER(SEARCH("Conservative",B9)),National!$L$5,IF(OR(ISNUMBER(SEARCH("Reform",B9)),ISNUMBER(SEARCH("RefUK",B9))),National!$L$6,IF(ISNUMBER(SEARCH("Green",B9)),National!$L$7,IF(OR(ISNUMBER(SEARCH("Liberal Democrat",B9)),ISNUMBER(SEARCH("Lib Dem",B9))),National!$L$8,National!$L$9))))) -> 488.65116 | G9: =F9*100/$B$1 -> 4.8142972
A10: Isaac Igwe (Ikechukwu Igwe; commonly known as Isaac Igwe) | B10: Local Conservatives | C10: 991 | D10: =C10*100/SUM($C$7:$C$15) -> 13.43911 | E10: =C10*100/$B$1 -> 9.7635468 | F10: =C10*IF(ISNUMBER(SEARCH("Labour",B10)),National!$L$4,IF(ISNUMBER(SEARCH("Conservative",B10)),National!$L$5,IF(OR(ISNUMBER(SEARCH("Reform",B10)),ISNUMBER(SEARCH("RefUK",B10))),National!$L$6,IF(ISNUMBER(SEARCH("Green",B10)),National!$L$7,IF(OR(ISNUMBER(SEARCH("Liberal Democrat",B10)),ISNUMBER(SEARCH("Lib Dem",B10))),National!$L$8,National!$L$9))))) -> 647.96154 | G10: =F10*100/$B$1 -> 6.3838575
A11: Josie Iles (Josephine Lesley Iles; commonly known as Josie Iles) | B11: Local Conservatives | C11: 972 | D11: =C11*100/SUM($C$7:$C$15) -> 13.181448 | E11: =C11*100/$B$1 -> 9.5763547 | F11: =C11*IF(ISNUMBER(SEARCH("Labour",B11)),National!$L$4,IF(ISNUMBER(SEARCH("Conservative",B11)),National!$L$5,IF(OR(ISNUMBER(SEARCH("Reform",B11)),ISNUMBER(SEARCH("RefUK",B11))),National!$L$6,IF(ISNUMBER(SEARCH("Green",B11)),National!$L$7,IF(OR(ISNUMBER(SEARCH("Liberal Democrat",B11)),ISNUMBER(SEARCH("Lib Dem",B11))),National!$L$8,National!$L$9))))) -> 635.53846 | G11: =F11*100/$B$1 -> 6.2614627
A12: Chris Buckwell (Christopher Brian Buckwell; commonly known as Chris Buckwell) | B12: Local Conservatives | C12: 970 | D12: =C12*100/SUM($C$7:$C$15) -> 13.154326 | E12: =C12*100/$B$1 -> 9.5566502 | F12: =C12*IF(ISNUMBER(SEARCH("Labour",B12)),National!$L$4,IF(ISNUMBER(SEARCH("Conservative",B12)),National!$L$5,IF(OR(ISNUMBER(SEARCH("Reform",B12)),ISNUMBER(SEARCH("RefUK",B12))),National!$L$6,IF(ISNUMBER(SEARCH("Green",B12)),National!$L$7,IF(OR(ISNUMBER(SEARCH("Liberal Democrat",B12)),ISNUMBER(SEARCH("Lib Dem",B12))),National!$L$8,National!$L$9))))) -> 634.23077 | G12: =F12*100/$B$1 -> 6.248579
A13: Susan Griffiths | B13: Green Party | C13: 262 | D13: =C13*100/SUM($C$7:$C$15) -> 3.5530241 | E13: =C13*100/$B$1 -> 2.5812808 | F13: =C13*IF(ISNUMBER(SEARCH("Labour",B13)),National!$L$4,IF(ISNUMBER(SEARCH("Conservative",B13)),National!$L$5,IF(OR(ISNUMBER(SEARCH("Reform",B13)),ISNUMBER(SEARCH("RefUK",B13))),National!$L$6,IF(ISNUMBER(SEARCH("Green",B13)),National!$L$7,IF(OR(ISNUMBER(SEARCH("Liberal Democrat",B13)),ISNUMBER(SEARCH("Lib Dem",B13))),National!$L$8,National!$L$9))))) -> 622.25 | G13: =F13*100/$B$1 -> 6.1305419
A14: Michael Dennis Wild | B14: Liberal Democrats | C14: 159 | D14: =C14*100/SUM($C$7:$C$15) -> 2.1562246 | E14: =C14*100/$B$1 -> 1.5665025 | F14: =C14*IF(ISNUMBER(SEARCH("Labour",B14)),National!$L$4,IF(ISNUMBER(SEARCH("Conservative",B14)),National!$L$5,IF(OR(ISNUMBER(SEARCH("Reform",B14)),ISNUMBER(SEARCH("RefUK",B14))),National!$L$6,IF(ISNUMBER(SEARCH("Green",B14)),National!$L$7,IF(OR(ISNUMBER(SEARCH("Liberal Democrat",B14)),ISNUMBER(SEARCH("Lib Dem",B14))),National!$L$8,National!$L$9))))) -> 222.6 | G14: =F14*100/$B$1 -> 2.1931034
A15: Rob Heathfield (Robert John Heathfield; commonly known as Rob Heathfield) | B15: Independent | C15: 155 | D15: =C15*100/SUM($C$7:$C$15) -> 2.1019799 | E15: =C15*100/$B$1 -> 1.5270936 | F15: =C15*IF(ISNUMBER(SEARCH("Labour",B15)),National!$L$4,IF(ISNUMBER(SEARCH("Conservative",B15)),National!$L$5,IF(OR(ISNUMBER(SEARCH("Reform",B15)),ISNUMBER(SEARCH("RefUK",B15))),National!$L$6,IF(ISNUMBER(SEARCH("Green",B15)),National!$L$7,IF(OR(ISNUMBER(SEARCH("Liberal Democrat",B15)),ISNUMBER(SEARCH("Lib Dem",B15))),National!$L$8,National!$L$9))))) -> 177.14286 | G15: =F15*100/$B$1 -> 1.7452498

Sheet Twydall
A1: Electorate (registered electors) | B1: 7120
A2: Councillors elected in ward | B2: 2
A3: Turnout | B3: 0.241
A4: Blank / invalid ballots (rejected) | B4: 12
F5: prediction based in national swing since May 2023
A6: Candidate | B6: Party | C6: Votes | D6: % of votes | E6: % of electors | F6: votes | G6: % of electorate
A7: Hazel Louise Browne | B7: Labour and Co-operative Party | C7: 967 | D7: =C7*100/SUM($C$7:$C$12) -> 30.21875 | E7: =C7*100/$B$1 -> 13.581461 | F7: =C7*IF(ISNUMBER(SEARCH("Labour",B7)),National!$L$4,IF(ISNUMBER(SEARCH("Conservative",B7)),National!$L$5,IF(OR(ISNUMBER(SEARCH("Reform",B7)),ISNUMBER(SEARCH("RefUK",B7))),National!$L$6,IF(ISNUMBER(SEARCH("Green",B7)),National!$L$7,IF(OR(ISNUMBER(SEARCH("Liberal Democrat",B7)),ISNUMBER(SEARCH("Lib Dem",B7))),National!$L$8,National!$L$9))))) -> 382.30233 | G7: =F7*100/$B$1 -> 5.3694147
A8: Mark Prenter | B8: Labour and Co-operative Party | C8: 869 | D8: =C8*100/SUM($C$7:$C$12) -> 27.15625 | E8: =C8*100/$B$1 -> 12.205056 | F8: =C8*IF(ISNUMBER(SEARCH("Labour",B8)),National!$L$4,IF(ISNUMBER(SEARCH("Conservative",B8)),National!$L$5,IF(OR(ISNUMBER(SEARCH("Reform",B8)),ISNUMBER(SEARCH("RefUK",B8))),National!$L$6,IF(ISNUMBER(SEARCH("Green",B8)),National!$L$7,IF(OR(ISNUMBER(SEARCH("Liberal Democrat",B8)),ISNUMBER(SEARCH("Lib Dem",B8))),National!$L$8,National!$L$9))))) -> 343.55814 | G8: =F8*100/$B$1 -> 4.8252548
A9: Mitchell Brewer | B9: Conservative Party candidate | C9: 502 | D9: =C9*100/SUM($C$7:$C$12) -> 15.6875 | E9: =C9*100/$B$1 -> 7.0505618 | F9: =C9*IF(ISNUMBER(SEARCH("Labour",B9)),National!$L$4,IF(ISNUMBER(SEARCH("Conservative",B9)),National!$L$5,IF(OR(ISNUMBER(SEARCH("Reform",B9)),ISNUMBER(SEARCH("RefUK",B9))),National!$L$6,IF(ISNUMBER(SEARCH("Green",B9)),National!$L$7,IF(OR(ISNUMBER(SEARCH("Liberal Democrat",B9)),ISNUMBER(SEARCH("Lib Dem",B9))),National!$L$8,National!$L$9))))) -> 328.23077 | G9: =F9*100/$B$1 -> 4.6099827
A10: Louise Elizabeth Smith | B10: Conservative Party candidate | C10: 489 | D10: =C10*100/SUM($C$7:$C$12) -> 15.28125 | E10: =C10*100/$B$1 -> 6.8679775 | F10: =C10*IF(ISNUMBER(SEARCH("Labour",B10)),National!$L$4,IF(ISNUMBER(SEARCH("Conservative",B10)),National!$L$5,IF(OR(ISNUMBER(SEARCH("Reform",B10)),ISNUMBER(SEARCH("RefUK",B10))),National!$L$6,IF(ISNUMBER(SEARCH("Green",B10)),National!$L$7,IF(OR(ISNUMBER(SEARCH("Liberal Democrat",B10)),ISNUMBER(SEARCH("Lib Dem",B10))),National!$L$8,National!$L$9))))) -> 319.73077 | G10: =F10*100/$B$1 -> 4.4906007
A11: Kate Belmonte (Catherine Victoria Belmonte; commonly known as Kate Belmonte) | B11: Green Party | C11: 222 | D11: =C11*100/SUM($C$7:$C$12) -> 6.9375 | E11: =C11*100/$B$1 -> 3.1179775 | F11: =C11*IF(ISNUMBER(SEARCH("Labour",B11)),National!$L$4,IF(ISNUMBER(SEARCH("Conservative",B11)),National!$L$5,IF(OR(ISNUMBER(SEARCH("Reform",B11)),ISNUMBER(SEARCH("RefUK",B11))),National!$L$6,IF(ISNUMBER(SEARCH("Green",B11)),National!$L$7,IF(OR(ISNUMBER(SEARCH("Liberal Democrat",B11)),ISNUMBER(SEARCH("Lib Dem",B11))),National!$L$8,National!$L$9))))) -> 527.25 | G11: =F11*100/$B$1 -> 7.4051966
A12: Maureen Ruparel | B12: Liberal Democrats | C12: 151 | D12: =C12*100/SUM($C$7:$C$12) -> 4.71875 | E12: =C12*100/$B$1 -> 2.1207865 | F12: =C12*IF(ISNUMBER(SEARCH("Labour",B12)),National!$L$4,IF(ISNUMBER(SEARCH("Conservative",B12)),National!$L$5,IF(OR(ISNUMBER(SEARCH("Reform",B12)),ISNUMBER(SEARCH("RefUK",B12))),National!$L$6,IF(ISNUMBER(SEARCH("Green",B12)),National!$L$7,IF(OR(ISNUMBER(SEARCH("Liberal Democrat",B12)),ISNUMBER(SEARCH("Lib Dem",B12))),National!$L$8,National!$L$9))))) -> 211.4 | G12: =F12*100/$B$1 -> 2.9691011

Sheet Watling
A1: Electorate (registered electors) | B1: 10149
A2: Councillors elected in ward | B2: 3
A3: Turnout | B3: 0.3255
A4: Blank / invalid ballots (rejected) | B4: 59
F5: prediction based in national swing since May 2023
A6: Candidate | B6: Party | C6: Votes | D6: % of votes | E6: % of electors | F6: votes | G6: % of electorate
A7: Chrissy Stamp (Christina Melanie Stamp; commonly known as Chrissy Stamp) | B7: Labour and Co-operative Party | C7: 1998 | D7: =C7*100/SUM($C$7:$C$14) -> 21.99956 | E7: =C7*100/$B$1 -> 19.686669 | F7: =C7*IF(ISNUMBER(SEARCH("Labour",B7)),National!$L$4,IF(ISNUMBER(SEARCH("Conservative",B7)),National!$L$5,IF(OR(ISNUMBER(SEARCH("Reform",B7)),ISNUMBER(SEARCH("RefUK",B7))),National!$L$6,IF(ISNUMBER(SEARCH("Green",B7)),National!$L$7,IF(OR(ISNUMBER(SEARCH("Liberal Democrat",B7)),ISNUMBER(SEARCH("Lib Dem",B7))),National!$L$8,National!$L$9))))) -> 789.90698 | G7: =F7*100/$B$1 -> 7.7831016
A8: Tracy Coombs | B8: Labour and Co-operative Party | C8: 1977 | D8: =C8*100/SUM($C$7:$C$14) -> 21.768333 | E8: =C8*100/$B$1 -> 19.479752 | F8: =C8*IF(ISNUMBER(SEARCH("Labour",B8)),National!$L$4,IF(ISNUMBER(SEARCH("Conservative",B8)),National!$L$5,IF(OR(ISNUMBER(SEARCH("Reform",B8)),ISNUMBER(SEARCH("RefUK",B8))),National!$L$6,IF(ISNUMBER(SEARCH("Green",B8)),National!$L$7,IF(OR(ISNUMBER(SEARCH("Liberal Democrat",B8)),ISNUMBER(SEARCH("Lib Dem",B8))),National!$L$8,National!$L$9))))) -> 781.60465 | G8: =F8*100/$B$1 -> 7.7012972
A9: Marian Angelov Nestorov | B9: Labour and Co-operative Party | C9: 1823 | D9: =C9*100/SUM($C$7:$C$14) -> 20.072671 | E9: =C9*100/$B$1 -> 17.962361 | F9: =C9*IF(ISNUMBER(SEARCH("Labour",B9)),National!$L$4,IF(ISNUMBER(SEARCH("Conservative",B9)),National!$L$5,IF(OR(ISNUMBER(SEARCH("Reform",B9)),ISNUMBER(SEARCH("RefUK",B9))),National!$L$6,IF(ISNUMBER(SEARCH("Green",B9)),National!$L$7,IF(OR(ISNUMBER(SEARCH("Liberal Democrat",B9)),ISNUMBER(SEARCH("Lib Dem",B9))),National!$L$8,National!$L$9))))) -> 720.72093 | G9: =F9*100/$B$1 -> 7.1013985
A10: Steven James Marsden | B10: Conservative Party candidate | C10: 985 | D10: =C10*100/SUM($C$7:$C$14) -> 10.845629 | E10: =C10*100/$B$1 -> 9.7053897 | F10: =C10*IF(ISNUMBER(SEARCH("Labour",B10)),National!$L$4,IF(ISNUMBER(SEARCH("Conservative",B10)),National!$L$5,IF(OR(ISNUMBER(SEARCH("Reform",B10)),ISNUMBER(SEARCH("RefUK",B10))),National!$L$6,IF(ISNUMBER(SEARCH("Green",B10)),National!$L$7,IF(OR(ISNUMBER(SEARCH("Liberal Democrat",B10)),ISNUMBER(SEARCH("Lib Dem",B10))),National!$L$8,National!$L$9))))) -> 644.03846 | G10: =F10*100/$B$1 -> 6.3458317
A11: Tina Louise Venus-Coppard | B11: Conservative Party candidate | C11: 817 | D11: =C11*100/SUM($C$7:$C$14) -> 8.9958159 | E11: =C11*100/$B$1 -> 8.0500542 | F11: =C11*IF(ISNUMBER(SEARCH("Labour",B11)),National!$L$4,IF(ISNUMBER(SEARCH("Conservative",B11)),National!$L$5,IF(OR(ISNUMBER(SEARCH("Reform",B11)),ISNUMBER(SEARCH("RefUK",B11))),National!$L$6,IF(ISNUMBER(SEARCH("Green",B11)),National!$L$7,IF(OR(ISNUMBER(SEARCH("Liberal Democrat",B11)),ISNUMBER(SEARCH("Lib Dem",B11))),National!$L$8,National!$L$9))))) -> 534.19231 | G11: =F11*100/$B$1 -> 5.263497
A12: Adam Strudwick-Long | B12: Conservative Party candidate | C12: 808 | D12: =C12*100/SUM($C$7:$C$14) -> 8.8967188 | E12: =C12*100/$B$1 -> 7.9613755 | F12: =C12*IF(ISNUMBER(SEARCH("Labour",B12)),National!$L$4,IF(ISNUMBER(SEARCH("Conservative",B12)),National!$L$5,IF(OR(ISNUMBER(SEARCH("Reform",B12)),ISNUMBER(SEARCH("RefUK",B12))),National!$L$6,IF(ISNUMBER(SEARCH("Green",B12)),National!$L$7,IF(OR(ISNUMBER(SEARCH("Liberal Democrat",B12)),ISNUMBER(SEARCH("Lib Dem",B12))),National!$L$8,National!$L$9))))) -> 528.30769 | G12: =F12*100/$B$1 -> 5.2055148
A13: Tina Munro | B13: Green Party | C13: 361 | D13: =C13*100/SUM($C$7:$C$14) -> 3.9748954 | E13: =C13*100/$B$1 -> 3.5570007 | F13: =C13*IF(ISNUMBER(SEARCH("Labour",B13)),National!$L$4,IF(ISNUMBER(SEARCH("Conservative",B13)),National!$L$5,IF(OR(ISNUMBER(SEARCH("Reform",B13)),ISNUMBER(SEARCH("RefUK",B13))),National!$L$6,IF(ISNUMBER(SEARCH("Green",B13)),National!$L$7,IF(OR(ISNUMBER(SEARCH("Liberal Democrat",B13)),ISNUMBER(SEARCH("Lib Dem",B13))),National!$L$8,National!$L$9))))) -> 857.375 | G13: =F13*100/$B$1 -> 8.4478766
A14: David William Yale | B14: Liberal Democrats | C14: 313 | D14: =C14*100/SUM($C$7:$C$14) -> 3.4463774 | E14: =C14*100/$B$1 -> 3.0840477 | F14: =C14*IF(ISNUMBER(SEARCH("Labour",B14)),National!$L$4,IF(ISNUMBER(SEARCH("Conservative",B14)),National!$L$5,IF(OR(ISNUMBER(SEARCH("Reform",B14)),ISNUMBER(SEARCH("RefUK",B14))),National!$L$6,IF(ISNUMBER(SEARCH("Green",B14)),National!$L$7,IF(OR(ISNUMBER(SEARCH("Liberal Democrat",B14)),ISNUMBER(SEARCH("Lib Dem",B14))),National!$L$8,National!$L$9))))) -> 438.2 | G14: =F14*100/$B$1 -> 4.3176668

Sheet Wayfield & Weeds Wood
A1: Electorate (registered electors) | B1: 7143
A2: Councillors elected in ward | B2: 2
A3: Turnout | B3: 0.2729
A4: Blank / invalid ballots (rejected) | B4: 16
F5: prediction based in national swing since May 2023
A6: Candidate | B6: Party | C6: Votes | D6: % of votes | E6: % of electors | F6: votes | G6: % of electorate
A7: Esther Mary Cook | B7: Labour and Co-operative Party | C7: 986 | D7: =C7*100/SUM($C$7:$C$13) -> 26.706392 | E7: =C7*100/$B$1 -> 13.803724 | F7: =C7*IF(ISNUMBER(SEARCH("Labour",B7)),National!$L$4,IF(ISNUMBER(SEARCH("Conservative",B7)),National!$L$5,IF(OR(ISNUMBER(SEARCH("Reform",B7)),ISNUMBER(SEARCH("RefUK",B7))),National!$L$6,IF(ISNUMBER(SEARCH("Green",B7)),National!$L$7,IF(OR(ISNUMBER(SEARCH("Liberal Democrat",B7)),ISNUMBER(SEARCH("Lib Dem",B7))),National!$L$8,National!$L$9))))) -> 389.81395 | G7: =F7*100/$B$1 -> 5.4572862
A8: Eddie Peake (Edmund Ralph Barralet Peake; commonly known as Eddie Peake) | B8: Labour and Co-operative Party | C8: 915 | D8: =C8*100/SUM($C$7:$C$13) -> 24.783315 | E8: =C8*100/$B$1 -> 12.809744 | F8: =C8*IF(ISNUMBER(SEARCH("Labour",B8)),National!$L$4,IF(ISNUMBER(SEARCH("Conservative",B8)),National!$L$5,IF(OR(ISNUMBER(SEARCH("Reform",B8)),ISNUMBER(SEARCH("RefUK",B8))),National!$L$6,IF(ISNUMBER(SEARCH("Green",B8)),National!$L$7,IF(OR(ISNUMBER(SEARCH("Liberal Democrat",B8)),ISNUMBER(SEARCH("Lib Dem",B8))),National!$L$8,National!$L$9))))) -> 361.74419 | G8: =F8*100/$B$1 -> 5.0643173
A9: Caroline Burns | B9: Local Conservatives | C9: 799 | D9: =C9*100/SUM($C$7:$C$13) -> 21.641387 | E9: =C9*100/$B$1 -> 11.185776 | F9: =C9*IF(ISNUMBER(SEARCH("Labour",B9)),National!$L$4,IF(ISNUMBER(SEARCH("Conservative",B9)),National!$L$5,IF(OR(ISNUMBER(SEARCH("Reform",B9)),ISNUMBER(SEARCH("RefUK",B9))),National!$L$6,IF(ISNUMBER(SEARCH("Green",B9)),National!$L$7,IF(OR(ISNUMBER(SEARCH("Liberal Democrat",B9)),ISNUMBER(SEARCH("Lib Dem",B9))),National!$L$8,National!$L$9))))) -> 522.42308 | G9: =F9*100/$B$1 -> 7.3137768
A10: Nawal Rai | B10: Local Conservatives | C10: 689 | D10: =C10*100/SUM($C$7:$C$13) -> 18.661972 | E10: =C10*100/$B$1 -> 9.6458071 | F10: =C10*IF(ISNUMBER(SEARCH("Labour",B10)),National!$L$4,IF(ISNUMBER(SEARCH("Conservative",B10)),National!$L$5,IF(OR(ISNUMBER(SEARCH("Reform",B10)),ISNUMBER(SEARCH("RefUK",B10))),National!$L$6,IF(ISNUMBER(SEARCH("Green",B10)),National!$L$7,IF(OR(ISNUMBER(SEARCH("Liberal Democrat",B10)),ISNUMBER(SEARCH("Lib Dem",B10))),National!$L$8,National!$L$9))))) -> 450.5 | G10: =F10*100/$B$1 -> 6.3068739
A11: Judith Elizabeth Northwood-Boorman | B11: Green Party | C11: 121 | D11: =C11*100/SUM($C$7:$C$13) -> 3.2773564 | E11: =C11*100/$B$1 -> 1.6939661 | F11: =C11*IF(ISNUMBER(SEARCH("Labour",B11)),National!$L$4,IF(ISNUMBER(SEARCH("Conservative",B11)),National!$L$5,IF(OR(ISNUMBER(SEARCH("Reform",B11)),ISNUMBER(SEARCH("RefUK",B11))),National!$L$6,IF(ISNUMBER(SEARCH("Green",B11)),National!$L$7,IF(OR(ISNUMBER(SEARCH("Liberal Democrat",B11)),ISNUMBER(SEARCH("Lib Dem",B11))),National!$L$8,National!$L$9))))) -> 287.375 | G11: =F11*100/$B$1 -> 4.0231695
A12: Herbert John Alfred Crack | B12: Liberal Democrats | C12: 108 | D12: =C12*100/SUM($C$7:$C$13) -> 2.9252438 | E12: =C12*100/$B$1 -> 1.5119698 | F12: =C12*IF(ISNUMBER(SEARCH("Labour",B12)),National!$L$4,IF(ISNUMBER(SEARCH("Conservative",B12)),National!$L$5,IF(OR(ISNUMBER(SEARCH("Reform",B12)),ISNUMBER(SEARCH("RefUK",B12))),National!$L$6,IF(ISNUMBER(SEARCH("Green",B12)),National!$L$7,IF(OR(ISNUMBER(SEARCH("Liberal Democrat",B12)),ISNUMBER(SEARCH("Lib Dem",B12))),National!$L$8,National!$L$9))))) -> 151.2 | G12: =F12*100/$B$1 -> 2.1167577
A13: Steve Tanner (Steven Tanner; commonly known as Steve Tanner) | B13: Social Democratic Party | C13: 74 | D13: =C13*100/SUM($C$7:$C$13) -> 2.0043337 | E13: =C13*100/$B$1 -> 1.0359793 | F13: =C13*IF(ISNUMBER(SEARCH("Labour",B13)),National!$L$4,IF(ISNUMBER(SEARCH("Conservative",B13)),National!$L$5,IF(OR(ISNUMBER(SEARCH("Reform",B13)),ISNUMBER(SEARCH("RefUK",B13))),National!$L$6,IF(ISNUMBER(SEARCH("Green",B13)),National!$L$7,IF(OR(ISNUMBER(SEARCH("Liberal Democrat",B13)),ISNUMBER(SEARCH("Lib Dem",B13))),National!$L$8,National!$L$9))))) -> 84.571429 | G13: =F13*100/$B$1 -> 1.1839763

Sheet National
A1: National polls at time of local election (May 2023) | G1: National polls March 2026 yougov | K1: Ratio
A3: Party | B3: % of vote share | G3: Party | H3: % of vote shate | K3: Party | L3: Ratio
A4: Labour | B4: 43 | G4: Labour | H4: 17 | K4: Labour | L4: =H4/B4 -> 0.39534884
A5: Con | B5: 26 | G5: Con | H5: 17 | K5: Con | L5: =H5/B5 -> 0.65384615
A6: RefUK | B6: 6 | G6: RefUK | H6: 25 | K6: RefUK | L6: =H6/B6 -> 4.1666667
A7: Green | B7: 8 | G7: Green | H7: 19 | K7: Green | L7: =H7/B7 -> 2.375
A8: LibDem | B8: 10 | G8: LibDem | H8: 14 | K8: LibDem | L8: =H8/B8 -> 1.4
A9: Others | B9: =100-(SUM(B4:B8)) -> 7 | G9: Others | H9: =100-(SUM(H4:H8)) -> 8 | K9: Others | L9: =H9/B9 -> 1.1428571
G11: *used yougov because they have a history of modelling better youth mobilisation (e.g. predicted corbyn hung parliament)
A14: Vote transfer since general election
B16: Labour | C16: Con | D16: RefUK | E16: Green | F16: LibDem | G16: Others | H16: No vote | I16: Unsure
A17: Labour
A18: Con
A19: RefUK
A20: Green
A21: LibDem
A22: Others
A23: No vote
A24: Unsure
